-- MySQL dump 10.13  Distrib 8.0.40, for Win64 (x86_64)
--
-- Host: 3.38.194.124    Database: EduCraft
-- ------------------------------------------------------
-- Server version	8.0.40-0ubuntu0.22.04.1

/*!40101 SET @OLD_CHARACTER_SET_CLIENT=@@CHARACTER_SET_CLIENT */;
/*!40101 SET @OLD_CHARACTER_SET_RESULTS=@@CHARACTER_SET_RESULTS */;
/*!40101 SET @OLD_COLLATION_CONNECTION=@@COLLATION_CONNECTION */;
/*!50503 SET NAMES utf8 */;
/*!40103 SET @OLD_TIME_ZONE=@@TIME_ZONE */;
/*!40103 SET TIME_ZONE='+00:00' */;
/*!40014 SET @OLD_UNIQUE_CHECKS=@@UNIQUE_CHECKS, UNIQUE_CHECKS=0 */;
/*!40014 SET @OLD_FOREIGN_KEY_CHECKS=@@FOREIGN_KEY_CHECKS, FOREIGN_KEY_CHECKS=0 */;
/*!40101 SET @OLD_SQL_MODE=@@SQL_MODE, SQL_MODE='NO_AUTO_VALUE_ON_ZERO' */;
/*!40111 SET @OLD_SQL_NOTES=@@SQL_NOTES, SQL_NOTES=0 */;

--
-- Table structure for table `EduMaterial`
--

DROP TABLE IF EXISTS `EduMaterial`;
/*!40101 SET @saved_cs_client     = @@character_set_client */;
/*!50503 SET character_set_client = utf8mb4 */;
CREATE TABLE `EduMaterial` (
  `EM_id` int NOT NULL AUTO_INCREMENT,
  `User_id` int DEFAULT NULL,
  `EM_title` varchar(255) NOT NULL,
  `EM_content` text NOT NULL,
  `EM_created` datetime DEFAULT CURRENT_TIMESTAMP,
  `EM_path` varchar(255) DEFAULT NULL,
  PRIMARY KEY (`EM_id`),
  KEY `User_id` (`User_id`),
  CONSTRAINT `EduMaterial_ibfk_1` FOREIGN KEY (`User_id`) REFERENCES `User` (`User_id`)
) ENGINE=InnoDB AUTO_INCREMENT=109 DEFAULT CHARSET=utf8mb4 COLLATE=utf8mb4_0900_ai_ci;
/*!40101 SET character_set_client = @saved_cs_client */;

--
-- Dumping data for table `EduMaterial`
--

LOCK TABLES `EduMaterial` WRITE;
/*!40000 ALTER TABLE `EduMaterial` DISABLE KEYS */;
INSERT INTO `EduMaterial` VALUES (59,1235,'자료1','12주차과제','2024-11-20 17:29:00','/uploads/user_1235/1732123739953-884887109-12ì£¼ì°¨Programmingê³¼ì _1971197_ì íì.pdf'),(62,1244,'자료1','','2024-11-21 03:10:13','/uploads/user_1244/1732158613532-686929289-EduCraft LLMì¤ê³.txt'),(66,1235,'자료2','11주차과제양식','2024-11-23 14:04:11','/uploads/user_1235/1732370651288-811863558-11ì£¼ì°¨Programmingê³¼ì ìì.docx'),(67,1235,'자료3','미니블로그','2024-11-23 14:12:03','/uploads/user_1235/1732371123224-243044289-ì 16ì¥ ë¯¸ëë¸ë¡ê·¸.pdf'),(68,1235,'444','444','2024-11-25 03:29:19','/uploads/user_1235/1732505359651-270254142-[Fall 2024] 9ì¥.ëë©ì¸ìë£ì¬ì .pdf'),(72,1243,'test1','3팀 프로젝트 계획서','2024-11-27 16:40:29','/uploads/user_1243/1732725629713-506883415-3í_íë¡ì í¸_ê³íì.pdf'),(73,1245,'123123','123123','2024-11-28 00:50:53','/uploads/user_1245/1732755053847-611380167-[Aë¶ë°] [ë¹ê·¼ì´ì¸ì] [5ì£¼ì°¨] íìë¡.pdf'),(79,1235,'test1','listener','2024-11-28 15:00:37','/uploads/user_1235/1732806037770-662103a3-afb5-42f3-8345-f05531da73b9-listener.txt'),(81,1235,'test2','listener','2024-11-28 15:35:57','/uploads/user_1235/1732808157447-b147d232-a12c-4812-9348-19438f57f32e-listener.txt'),(84,1235,'시스템프로그래밍 자료 A','소켓 프로그래밍 기초','2024-11-28 16:40:29','/uploads/user_1235/1732812029907-d91d0697-0bd1-46c9-9ba1-f2610d5e0036-ch12_ìì¼ íë¡ê·¸ëë° ê¸°ì´.pdf'),(85,1235,'시스템프로그래밍 자료 B','소켓 프로그래밍 기초','2024-11-28 16:43:31','/uploads/user_1235/1732812211916-9f038841-df59-4b1a-a236-6b93321e7085-ìì¼ íë¡ê·¸ëë° ê¸°ì´ 2.pdf'),(86,1235,'시스템프로그래밍 자료 C','소켓 프로그래밍 기초','2024-11-28 16:45:42','/uploads/user_1235/1732812341912-9e545148-ccca-4784-aac3-d5a5cfd2f253-ìì¼ íë¡ê·¸ëë° ê¸°ì´ 3.pdf'),(87,1235,'데이터베이스설계 자료 A','DB구축','2024-11-28 16:47:29','/uploads/user_1235/1732812449691-bac8bcd1-6e33-45f9-867d-542b06d91ad2-[Fall 2024] 12ì¥.DBêµ¬ì¶.pdf'),(90,1235,'데이터베이스설계 자료 B','도메인과 용어사전의 정의','2024-11-28 16:53:13','/uploads/user_1235/1732812793092-db13477c-f694-454b-81e0-cdbe257c3559-[Fall 2024] 9ì¥.ëë©ì¸ìë£ì¬ì  (1).pdf'),(92,1246,'시스템프로그래밍 자료 A','소켓 프로그래밍 기초','2024-11-28 16:56:13','/uploads/user_1246/1732812973819-a1b24b57-ec31-4929-83ef-6cbd9d58dbdb-ìì¼ íë¡ê·¸ëë° ê¸°ì´ 2.pdf'),(93,1246,'시스템프로그래밍 자료 B','소켓 프로그래밍 기초','2024-11-28 16:57:13','/uploads/user_1246/1732813033680-10f0971c-97c5-40b0-9d3b-17b08fafdff2-ìì¼ íë¡ê·¸ëë° ê¸°ì´ 3.pdf'),(94,1246,'데이터베이스설계 자료 A','DB구축','2024-11-28 16:57:56','/uploads/user_1246/1732813076187-8745fe63-97fe-40fd-aaa3-95325cc9eec5-[Fall 2024] 12ì¥.DBêµ¬ì¶.pdf'),(95,1246,'데이터베이스설계 자료 B','도메인과 용어사전의 정의','2024-11-28 16:59:05','/uploads/user_1246/1732813144867-6a39a67e-4dc6-43a2-bbe5-7b58a88b5fcd-[Fall 2024] 9ì¥.ëë©ì¸ìë£ì¬ì  (1).pdf'),(96,1246,'웹프레임워크1 자료 A','웹서버와 통신','2024-11-28 17:01:21','/uploads/user_1246/1732813280931-95e04f82-31e0-42c0-bd98-7b74a0524b10-ì 17ì¥(êµì¬ì¸) ì¹ìë²ì íµì .pdf'),(97,1246,'웹프레임워크1 자료 B','미니블로그','2024-11-28 17:02:51','/uploads/user_1246/1732813371817-41aeba74-62ba-4a88-a245-3b77d465e176-ì 16ì¥ ë¯¸ëë¸ë¡ê·¸ (1).pdf'),(98,1246,'가상현실 자료','Meta Quest','2024-11-28 17:07:32','/uploads/user_1246/1732813651881-18c2150b-ef5e-44eb-9104-6d7fe7986407-Chap9-Practice (1).pdf'),(101,1247,'시스템 프로그래밍','디스크 관리 기본','2024-11-29 01:52:11','/uploads/user_1247/1732845130683-8f3085ef-5474-4484-982f-e6cad1171a5e-20241111_ch09_ëì¤í¬ ê´ë¦¬ ê¸°ë³¸ (1).pdf'),(103,1235,'123','123','2024-11-29 03:12:56','/uploads/user_1235/1732849976313-50fbb899-76ac-4468-9cb4-770e5f04478b-[Fall 2024] 9ì¥.ëë©ì¸ìë£ì¬ì  (1).pdf'),(104,1246,'자료1','','2024-11-29 03:16:56','/uploads/user_1246/1732850215691-a68a415d-1162-41c7-867b-997569e43018-[Fall 2024] 12ì¥.DBêµ¬ì¶.pdf'),(105,1246,'자료1','','2024-11-29 04:01:14','/uploads/user_1246/1732852871823-d59555e6-585f-4e19-9c78-59119ad4867d-[Fall 2024] 9ì¥.ëë©ì¸ìë£ì¬ì  (1).pdf'),(107,1246,'22','','2024-11-29 04:33:06','/uploads/user_1246/1732854784145-a3084b28-39f0-4754-9cf3-f7e8246d3b12-[Fall 2024] 9ì¥.ëë©ì¸ìë£ì¬ì  (1).pdf'),(108,1246,'11','','2024-11-29 05:09:25','/uploads/user_1246/1732856959028-7f2e71b4-2479-4b99-b1e0-d0eca058189c-[Fall 2024] 12ì¥.DBêµ¬ì¶.pdf');
/*!40000 ALTER TABLE `EduMaterial` ENABLE KEYS */;
UNLOCK TABLES;

--
-- Table structure for table `MockExamAnswers`
--

DROP TABLE IF EXISTS `MockExamAnswers`;
/*!40101 SET @saved_cs_client     = @@character_set_client */;
/*!50503 SET character_set_client = utf8mb4 */;
CREATE TABLE `MockExamAnswers` (
  `Answer_id` int NOT NULL AUTO_INCREMENT,
  `Result_id` int NOT NULL,
  `Question_id` int NOT NULL,
  `SubmittedAnswer` text NOT NULL,
  `IsCorrect` tinyint(1) NOT NULL,
  `Feedback` text NOT NULL,
  PRIMARY KEY (`Answer_id`),
  KEY `Result_id` (`Result_id`),
  KEY `Question_id` (`Question_id`),
  CONSTRAINT `MockExamAnswers_ibfk_1` FOREIGN KEY (`Result_id`) REFERENCES `MockExamResults` (`Result_id`) ON DELETE CASCADE,
  CONSTRAINT `MockExamAnswers_ibfk_2` FOREIGN KEY (`Question_id`) REFERENCES `Questions` (`Q_id`) ON DELETE CASCADE
) ENGINE=InnoDB AUTO_INCREMENT=649 DEFAULT CHARSET=utf8mb4 COLLATE=utf8mb4_0900_ai_ci;
/*!40101 SET character_set_client = @saved_cs_client */;

--
-- Dumping data for table `MockExamAnswers`
--

LOCK TABLES `MockExamAnswers` WRITE;
/*!40000 ALTER TABLE `MockExamAnswers` DISABLE KEYS */;
INSERT INTO `MockExamAnswers` VALUES (1,1,64,'',0,'텍스트에 따르면 2024년 2학기에는 \'컴퓨터프로그래밍\' 과제가 있었습니다.'),(2,1,65,'',0,'텍스트에 따르면 컴퓨터 프로그래밍 과제는 \'11주차\'에 있었습니다.'),(3,1,66,'',0,'텍스트에 따르면 과제 제출물은 \'코드 및 주석\'과 \'실행결과 캡쳐본\' 입니다.'),(4,1,67,'',0,'텍스트에 따르면 과제를 수행한 학기는 \'2024년 2학기\' 입니다.'),(5,1,68,'',0,'과제는 \'컴퓨터프로그래밍\' 과목에서 주어졌습니다.'),(6,1,69,'',0,'해당 과제는 \'11주차\'에 진행되었습니다.'),(13,2,64,'',0,'텍스트에 따르면 2024년 2학기에는 \'컴퓨터프로그래밍\' 과제가 있었습니다.'),(14,2,65,'',0,'텍스트에 따르면 컴퓨터 프로그래밍 과제는 \'11주차\'에 있었습니다.'),(15,2,66,'',0,'텍스트에 따르면 과제 제출물은 \'코드 및 주석\'과 \'실행결과 캡쳐본\' 입니다.'),(16,2,67,'',0,'텍스트에 따르면 과제를 수행한 학기는 \'2024년 2학기\' 입니다.'),(17,2,68,'',0,'과제는 \'컴퓨터프로그래밍\' 과목에서 주어졌습니다.'),(18,2,69,'',0,'해당 과제는 \'11주차\'에 진행되었습니다.'),(25,3,64,'',0,'텍스트에 따르면 2024년 2학기에는 \'컴퓨터프로그래밍\' 과제가 있었습니다.'),(26,3,65,'',0,'텍스트에 따르면 컴퓨터 프로그래밍 과제는 \'11주차\'에 있었습니다.'),(27,3,66,'',0,'텍스트에 따르면 과제 제출물은 \'코드 및 주석\'과 \'실행결과 캡쳐본\' 입니다.'),(28,3,67,'',0,'텍스트에 따르면 과제를 수행한 학기는 \'2024년 2학기\' 입니다.'),(29,3,68,'',0,'과제는 \'컴퓨터프로그래밍\' 과목에서 주어졌습니다.'),(30,3,69,'',0,'해당 과제는 \'11주차\'에 진행되었습니다.'),(37,4,64,'',0,'텍스트에 따르면 2024년 2학기에는 \'컴퓨터프로그래밍\' 과제가 있었습니다.'),(38,4,65,'',0,'텍스트에 따르면 컴퓨터 프로그래밍 과제는 \'11주차\'에 있었습니다.'),(39,4,66,'',0,'텍스트에 따르면 과제 제출물은 \'코드 및 주석\'과 \'실행결과 캡쳐본\' 입니다.'),(40,4,67,'',0,'텍스트에 따르면 과제를 수행한 학기는 \'2024년 2학기\' 입니다.'),(41,4,68,'',0,'과제는 \'컴퓨터프로그래밍\' 과목에서 주어졌습니다.'),(42,4,69,'',0,'해당 과제는 \'11주차\'에 진행되었습니다.'),(49,5,64,'',0,'텍스트에 따르면 2024년 2학기에는 \'컴퓨터프로그래밍\' 과제가 있었습니다.'),(50,5,65,'',0,'텍스트에 따르면 컴퓨터 프로그래밍 과제는 \'11주차\'에 있었습니다.'),(51,5,66,'',0,'텍스트에 따르면 과제 제출물은 \'코드 및 주석\'과 \'실행결과 캡쳐본\' 입니다.'),(52,5,67,'',0,'텍스트에 따르면 과제를 수행한 학기는 \'2024년 2학기\' 입니다.'),(53,5,68,'',0,'과제는 \'컴퓨터프로그래밍\' 과목에서 주어졌습니다.'),(54,5,69,'',0,'해당 과제는 \'11주차\'에 진행되었습니다.'),(61,6,64,'2',0,'텍스트에 따르면 2024년 2학기에는 \'컴퓨터프로그래밍\' 과제가 있었습니다.'),(62,6,65,'2',0,'텍스트에 따르면 컴퓨터 프로그래밍 과제는 \'11주차\'에 있었습니다.'),(63,6,66,'2',0,'텍스트에 따르면 과제 제출물은 \'코드 및 주석\'과 \'실행결과 캡쳐본\' 입니다.'),(64,6,67,'1234',0,'텍스트에 따르면 과제를 수행한 학기는 \'2024년 2학기\' 입니다.'),(65,6,68,'1234',0,'과제는 \'컴퓨터프로그래밍\' 과목에서 주어졌습니다.'),(66,6,69,'1234',0,'해당 과제는 \'11주차\'에 진행되었습니다.'),(73,7,64,'3',1,'텍스트에 따르면 2024년 2학기에는 \'컴퓨터프로그래밍\' 과제가 있었습니다.'),(74,7,65,'3',1,'텍스트에 따르면 컴퓨터 프로그래밍 과제는 \'11주차\'에 있었습니다.'),(75,7,66,'3',0,'텍스트에 따르면 과제 제출물은 \'코드 및 주석\'과 \'실행결과 캡쳐본\' 입니다.'),(76,7,67,'1742127',0,'텍스트에 따르면 과제를 수행한 학기는 \'2024년 2학기\' 입니다.'),(77,7,68,'24172146',0,'과제는 \'컴퓨터프로그래밍\' 과목에서 주어졌습니다.'),(78,7,69,'3123',0,'해당 과제는 \'11주차\'에 진행되었습니다.'),(118,9,64,'',0,'텍스트에 따르면 2024년 2학기에는 \'컴퓨터프로그래밍\' 과제가 있었습니다.'),(119,9,65,'',0,'텍스트에 따르면 컴퓨터 프로그래밍 과제는 \'11주차\'에 있었습니다.'),(120,9,66,'',0,'텍스트에 따르면 과제 제출물은 \'코드 및 주석\'과 \'실행결과 캡쳐본\' 입니다.'),(121,9,67,'',0,'텍스트에 따르면 과제를 수행한 학기는 \'2024년 2학기\' 입니다.'),(122,9,68,'',0,'과제는 \'컴퓨터프로그래밍\' 과목에서 주어졌습니다.'),(123,9,69,'',0,'해당 과제는 \'11주차\'에 진행되었습니다.'),(130,10,56,'',0,'텍스트 내용에 따르면, 유현서는 문자열을 역순으로 출력하고, 특정한 문자의 개수를 세고, 단어의 개수를 세는 프로그램을 작성한다, 텍스트에는 문자열에서 숫자만 삭제하는 프로그램을 작성하는 내용은 없다.'),(131,10,57,'',0,'텍스트에 따르면, 유현서의 프로그램에서 긍정을 의미하는 문자열은 “YES”, “Yes”, “yes”, “OK, “ok”임을 알 수 있다.'),(132,10,58,'',0,'문서를 참조하면 3번째 과제에서 문자열에서 사용자가 지정하는 문자를 삭제하는 프로그램을 작성하라고 명시되어 있습니다.'),(133,10,59,'',0,'문서를 참조하면 모든 옵션에 기재된 프로그램들이 이번 과제의 일부입니다.'),(134,10,60,'',0,'문서에 따르면, 긍정을 의미하는 문자열은 \'YES\', \'Yes\', \'yes\', \'OK\', \'ok\'로, \'maybe\'는 포함되지 않습니다.'),(135,10,61,'',0,'문서에 따르면 함수의 이름은 \'str_촉\' 입니다.'),(136,10,62,'',0,'문서에 따르면 12번째 과제로 \'회문 여부를 판별하여 그 결과를 화면에 출력하는 프로그램\'을 작성하는 것입니다.'),(137,10,63,'',0,'문서에 따르면 \'get_response\' 함수는 긍정이면 1을 반환하고 부정이면 0을 반환합니다.'),(138,10,64,'',0,'텍스트에 따르면 2024년 2학기에는 \'컴퓨터프로그래밍\' 과제가 있었습니다.'),(139,10,65,'',0,'텍스트에 따르면 컴퓨터 프로그래밍 과제는 \'11주차\'에 있었습니다.'),(140,10,66,'',0,'텍스트에 따르면 과제 제출물은 \'코드 및 주석\'과 \'실행결과 캡쳐본\' 입니다.'),(141,10,67,'',0,'텍스트에 따르면 과제를 수행한 학기는 \'2024년 2학기\' 입니다.'),(142,10,68,'',0,'과제는 \'컴퓨터프로그래밍\' 과목에서 주어졌습니다.'),(143,10,69,'',0,'해당 과제는 \'11주차\'에 진행되었습니다.'),(144,11,56,'',0,'텍스트 내용에 따르면, 유현서는 문자열을 역순으로 출력하고, 특정한 문자의 개수를 세고, 단어의 개수를 세는 프로그램을 작성한다, 텍스트에는 문자열에서 숫자만 삭제하는 프로그램을 작성하는 내용은 없다.'),(145,11,57,'',0,'텍스트에 따르면, 유현서의 프로그램에서 긍정을 의미하는 문자열은 “YES”, “Yes”, “yes”, “OK, “ok”임을 알 수 있다.'),(146,11,58,'',0,'문서를 참조하면 3번째 과제에서 문자열에서 사용자가 지정하는 문자를 삭제하는 프로그램을 작성하라고 명시되어 있습니다.'),(147,11,59,'',0,'문서를 참조하면 모든 옵션에 기재된 프로그램들이 이번 과제의 일부입니다.'),(148,11,60,'',0,'문서에 따르면, 긍정을 의미하는 문자열은 \'YES\', \'Yes\', \'yes\', \'OK\', \'ok\'로, \'maybe\'는 포함되지 않습니다.'),(149,11,61,'',0,'문서에 따르면 함수의 이름은 \'str_촉\' 입니다.'),(150,11,62,'',0,'문서에 따르면 12번째 과제로 \'회문 여부를 판별하여 그 결과를 화면에 출력하는 프로그램\'을 작성하는 것입니다.'),(151,11,63,'',0,'문서에 따르면 \'get_response\' 함수는 긍정이면 1을 반환하고 부정이면 0을 반환합니다.'),(152,11,64,'',0,'텍스트에 따르면 2024년 2학기에는 \'컴퓨터프로그래밍\' 과제가 있었습니다.'),(153,11,65,'',0,'텍스트에 따르면 컴퓨터 프로그래밍 과제는 \'11주차\'에 있었습니다.'),(154,11,66,'',0,'텍스트에 따르면 과제 제출물은 \'코드 및 주석\'과 \'실행결과 캡쳐본\' 입니다.'),(155,11,67,'',0,'텍스트에 따르면 과제를 수행한 학기는 \'2024년 2학기\' 입니다.'),(156,11,68,'',0,'과제는 \'컴퓨터프로그래밍\' 과목에서 주어졌습니다.'),(157,11,69,'',0,'해당 과제는 \'11주차\'에 진행되었습니다.'),(158,12,56,'',0,'텍스트 내용에 따르면, 유현서는 문자열을 역순으로 출력하고, 특정한 문자의 개수를 세고, 단어의 개수를 세는 프로그램을 작성한다, 텍스트에는 문자열에서 숫자만 삭제하는 프로그램을 작성하는 내용은 없다.'),(159,12,57,'',0,'텍스트에 따르면, 유현서의 프로그램에서 긍정을 의미하는 문자열은 “YES”, “Yes”, “yes”, “OK, “ok”임을 알 수 있다.'),(160,12,58,'',0,'문서를 참조하면 3번째 과제에서 문자열에서 사용자가 지정하는 문자를 삭제하는 프로그램을 작성하라고 명시되어 있습니다.'),(161,12,59,'',0,'문서를 참조하면 모든 옵션에 기재된 프로그램들이 이번 과제의 일부입니다.'),(162,12,60,'',0,'문서에 따르면, 긍정을 의미하는 문자열은 \'YES\', \'Yes\', \'yes\', \'OK\', \'ok\'로, \'maybe\'는 포함되지 않습니다.'),(163,12,61,'',0,'문서에 따르면 함수의 이름은 \'str_촉\' 입니다.'),(164,12,62,'',0,'문서에 따르면 12번째 과제로 \'회문 여부를 판별하여 그 결과를 화면에 출력하는 프로그램\'을 작성하는 것입니다.'),(165,12,63,'',0,'문서에 따르면 \'get_response\' 함수는 긍정이면 1을 반환하고 부정이면 0을 반환합니다.'),(166,12,64,'',0,'텍스트에 따르면 2024년 2학기에는 \'컴퓨터프로그래밍\' 과제가 있었습니다.'),(167,12,65,'',0,'텍스트에 따르면 컴퓨터 프로그래밍 과제는 \'11주차\'에 있었습니다.'),(168,12,66,'',0,'텍스트에 따르면 과제 제출물은 \'코드 및 주석\'과 \'실행결과 캡쳐본\' 입니다.'),(169,12,67,'',0,'텍스트에 따르면 과제를 수행한 학기는 \'2024년 2학기\' 입니다.'),(170,12,68,'',0,'과제는 \'컴퓨터프로그래밍\' 과목에서 주어졌습니다.'),(171,12,69,'',0,'해당 과제는 \'11주차\'에 진행되었습니다.'),(172,13,56,'',0,'텍스트 내용에 따르면, 유현서는 문자열을 역순으로 출력하고, 특정한 문자의 개수를 세고, 단어의 개수를 세는 프로그램을 작성한다, 텍스트에는 문자열에서 숫자만 삭제하는 프로그램을 작성하는 내용은 없다.'),(173,13,57,'',0,'텍스트에 따르면, 유현서의 프로그램에서 긍정을 의미하는 문자열은 “YES”, “Yes”, “yes”, “OK, “ok”임을 알 수 있다.'),(174,13,58,'',0,'문서를 참조하면 3번째 과제에서 문자열에서 사용자가 지정하는 문자를 삭제하는 프로그램을 작성하라고 명시되어 있습니다.'),(175,13,59,'',0,'문서를 참조하면 모든 옵션에 기재된 프로그램들이 이번 과제의 일부입니다.'),(176,13,60,'',0,'문서에 따르면, 긍정을 의미하는 문자열은 \'YES\', \'Yes\', \'yes\', \'OK\', \'ok\'로, \'maybe\'는 포함되지 않습니다.'),(177,13,61,'',0,'문서에 따르면 함수의 이름은 \'str_촉\' 입니다.'),(178,13,62,'',0,'문서에 따르면 12번째 과제로 \'회문 여부를 판별하여 그 결과를 화면에 출력하는 프로그램\'을 작성하는 것입니다.'),(179,13,63,'',0,'문서에 따르면 \'get_response\' 함수는 긍정이면 1을 반환하고 부정이면 0을 반환합니다.'),(180,13,64,'',0,'텍스트에 따르면 2024년 2학기에는 \'컴퓨터프로그래밍\' 과제가 있었습니다.'),(181,13,65,'',0,'텍스트에 따르면 컴퓨터 프로그래밍 과제는 \'11주차\'에 있었습니다.'),(182,13,66,'',0,'텍스트에 따르면 과제 제출물은 \'코드 및 주석\'과 \'실행결과 캡쳐본\' 입니다.'),(183,13,67,'',0,'텍스트에 따르면 과제를 수행한 학기는 \'2024년 2학기\' 입니다.'),(184,13,68,'',0,'과제는 \'컴퓨터프로그래밍\' 과목에서 주어졌습니다.'),(185,13,69,'',0,'해당 과제는 \'11주차\'에 진행되었습니다.'),(186,14,56,'',0,'텍스트 내용에 따르면, 유현서는 문자열을 역순으로 출력하고, 특정한 문자의 개수를 세고, 단어의 개수를 세는 프로그램을 작성한다, 텍스트에는 문자열에서 숫자만 삭제하는 프로그램을 작성하는 내용은 없다.'),(187,14,57,'',0,'텍스트에 따르면, 유현서의 프로그램에서 긍정을 의미하는 문자열은 “YES”, “Yes”, “yes”, “OK, “ok”임을 알 수 있다.'),(188,14,58,'',0,'문서를 참조하면 3번째 과제에서 문자열에서 사용자가 지정하는 문자를 삭제하는 프로그램을 작성하라고 명시되어 있습니다.'),(189,14,59,'',0,'문서를 참조하면 모든 옵션에 기재된 프로그램들이 이번 과제의 일부입니다.'),(190,14,60,'',0,'문서에 따르면, 긍정을 의미하는 문자열은 \'YES\', \'Yes\', \'yes\', \'OK\', \'ok\'로, \'maybe\'는 포함되지 않습니다.'),(191,14,61,'',0,'문서에 따르면 함수의 이름은 \'str_촉\' 입니다.'),(192,14,62,'',0,'문서에 따르면 12번째 과제로 \'회문 여부를 판별하여 그 결과를 화면에 출력하는 프로그램\'을 작성하는 것입니다.'),(193,14,63,'',0,'문서에 따르면 \'get_response\' 함수는 긍정이면 1을 반환하고 부정이면 0을 반환합니다.'),(194,14,64,'',0,'텍스트에 따르면 2024년 2학기에는 \'컴퓨터프로그래밍\' 과제가 있었습니다.'),(195,14,65,'',0,'텍스트에 따르면 컴퓨터 프로그래밍 과제는 \'11주차\'에 있었습니다.'),(196,14,66,'',0,'텍스트에 따르면 과제 제출물은 \'코드 및 주석\'과 \'실행결과 캡쳐본\' 입니다.'),(197,14,67,'',0,'텍스트에 따르면 과제를 수행한 학기는 \'2024년 2학기\' 입니다.'),(198,14,68,'',0,'과제는 \'컴퓨터프로그래밍\' 과목에서 주어졌습니다.'),(199,14,69,'',0,'해당 과제는 \'11주차\'에 진행되었습니다.'),(200,15,56,'',0,'텍스트 내용에 따르면, 유현서는 문자열을 역순으로 출력하고, 특정한 문자의 개수를 세고, 단어의 개수를 세는 프로그램을 작성한다, 텍스트에는 문자열에서 숫자만 삭제하는 프로그램을 작성하는 내용은 없다.'),(201,15,57,'',0,'텍스트에 따르면, 유현서의 프로그램에서 긍정을 의미하는 문자열은 “YES”, “Yes”, “yes”, “OK, “ok”임을 알 수 있다.'),(202,15,58,'',0,'문서를 참조하면 3번째 과제에서 문자열에서 사용자가 지정하는 문자를 삭제하는 프로그램을 작성하라고 명시되어 있습니다.'),(203,15,59,'',0,'문서를 참조하면 모든 옵션에 기재된 프로그램들이 이번 과제의 일부입니다.'),(204,15,60,'',0,'문서에 따르면, 긍정을 의미하는 문자열은 \'YES\', \'Yes\', \'yes\', \'OK\', \'ok\'로, \'maybe\'는 포함되지 않습니다.'),(205,15,61,'',0,'문서에 따르면 함수의 이름은 \'str_촉\' 입니다.'),(206,15,62,'',0,'문서에 따르면 12번째 과제로 \'회문 여부를 판별하여 그 결과를 화면에 출력하는 프로그램\'을 작성하는 것입니다.'),(207,15,63,'',0,'문서에 따르면 \'get_response\' 함수는 긍정이면 1을 반환하고 부정이면 0을 반환합니다.'),(208,15,64,'',0,'텍스트에 따르면 2024년 2학기에는 \'컴퓨터프로그래밍\' 과제가 있었습니다.'),(209,15,65,'',0,'텍스트에 따르면 컴퓨터 프로그래밍 과제는 \'11주차\'에 있었습니다.'),(210,15,66,'',0,'텍스트에 따르면 과제 제출물은 \'코드 및 주석\'과 \'실행결과 캡쳐본\' 입니다.'),(211,15,67,'',0,'텍스트에 따르면 과제를 수행한 학기는 \'2024년 2학기\' 입니다.'),(212,15,68,'',0,'과제는 \'컴퓨터프로그래밍\' 과목에서 주어졌습니다.'),(213,15,69,'',0,'해당 과제는 \'11주차\'에 진행되었습니다.'),(214,16,56,'',0,'텍스트 내용에 따르면, 유현서는 문자열을 역순으로 출력하고, 특정한 문자의 개수를 세고, 단어의 개수를 세는 프로그램을 작성한다, 텍스트에는 문자열에서 숫자만 삭제하는 프로그램을 작성하는 내용은 없다.'),(215,16,57,'',0,'텍스트에 따르면, 유현서의 프로그램에서 긍정을 의미하는 문자열은 “YES”, “Yes”, “yes”, “OK, “ok”임을 알 수 있다.'),(216,16,58,'',0,'문서를 참조하면 3번째 과제에서 문자열에서 사용자가 지정하는 문자를 삭제하는 프로그램을 작성하라고 명시되어 있습니다.'),(217,16,59,'',0,'문서를 참조하면 모든 옵션에 기재된 프로그램들이 이번 과제의 일부입니다.'),(218,16,60,'',0,'문서에 따르면, 긍정을 의미하는 문자열은 \'YES\', \'Yes\', \'yes\', \'OK\', \'ok\'로, \'maybe\'는 포함되지 않습니다.'),(219,16,61,'',0,'문서에 따르면 함수의 이름은 \'str_촉\' 입니다.'),(220,16,62,'',0,'문서에 따르면 12번째 과제로 \'회문 여부를 판별하여 그 결과를 화면에 출력하는 프로그램\'을 작성하는 것입니다.'),(221,16,63,'',0,'문서에 따르면 \'get_response\' 함수는 긍정이면 1을 반환하고 부정이면 0을 반환합니다.'),(222,16,64,'',0,'텍스트에 따르면 2024년 2학기에는 \'컴퓨터프로그래밍\' 과제가 있었습니다.'),(223,16,65,'',0,'텍스트에 따르면 컴퓨터 프로그래밍 과제는 \'11주차\'에 있었습니다.'),(224,16,66,'',0,'텍스트에 따르면 과제 제출물은 \'코드 및 주석\'과 \'실행결과 캡쳐본\' 입니다.'),(225,16,67,'',0,'텍스트에 따르면 과제를 수행한 학기는 \'2024년 2학기\' 입니다.'),(226,16,68,'',0,'과제는 \'컴퓨터프로그래밍\' 과목에서 주어졌습니다.'),(227,16,69,'',0,'해당 과제는 \'11주차\'에 진행되었습니다.'),(228,17,56,'',0,'텍스트 내용에 따르면, 유현서는 문자열을 역순으로 출력하고, 특정한 문자의 개수를 세고, 단어의 개수를 세는 프로그램을 작성한다, 텍스트에는 문자열에서 숫자만 삭제하는 프로그램을 작성하는 내용은 없다.'),(229,17,57,'',0,'텍스트에 따르면, 유현서의 프로그램에서 긍정을 의미하는 문자열은 “YES”, “Yes”, “yes”, “OK, “ok”임을 알 수 있다.'),(230,17,58,'',0,'문서를 참조하면 3번째 과제에서 문자열에서 사용자가 지정하는 문자를 삭제하는 프로그램을 작성하라고 명시되어 있습니다.'),(231,17,59,'',0,'문서를 참조하면 모든 옵션에 기재된 프로그램들이 이번 과제의 일부입니다.'),(232,17,60,'',0,'문서에 따르면, 긍정을 의미하는 문자열은 \'YES\', \'Yes\', \'yes\', \'OK\', \'ok\'로, \'maybe\'는 포함되지 않습니다.'),(233,17,61,'',0,'문서에 따르면 함수의 이름은 \'str_촉\' 입니다.'),(234,17,62,'',0,'문서에 따르면 12번째 과제로 \'회문 여부를 판별하여 그 결과를 화면에 출력하는 프로그램\'을 작성하는 것입니다.'),(235,17,63,'',0,'문서에 따르면 \'get_response\' 함수는 긍정이면 1을 반환하고 부정이면 0을 반환합니다.'),(236,17,64,'',0,'텍스트에 따르면 2024년 2학기에는 \'컴퓨터프로그래밍\' 과제가 있었습니다.'),(237,17,65,'',0,'텍스트에 따르면 컴퓨터 프로그래밍 과제는 \'11주차\'에 있었습니다.'),(238,17,66,'',0,'텍스트에 따르면 과제 제출물은 \'코드 및 주석\'과 \'실행결과 캡쳐본\' 입니다.'),(239,17,67,'',0,'텍스트에 따르면 과제를 수행한 학기는 \'2024년 2학기\' 입니다.'),(240,17,68,'',0,'과제는 \'컴퓨터프로그래밍\' 과목에서 주어졌습니다.'),(241,17,69,'',0,'해당 과제는 \'11주차\'에 진행되었습니다.'),(242,18,56,'',0,'텍스트 내용에 따르면, 유현서는 문자열을 역순으로 출력하고, 특정한 문자의 개수를 세고, 단어의 개수를 세는 프로그램을 작성한다, 텍스트에는 문자열에서 숫자만 삭제하는 프로그램을 작성하는 내용은 없다.'),(243,18,57,'',0,'텍스트에 따르면, 유현서의 프로그램에서 긍정을 의미하는 문자열은 “YES”, “Yes”, “yes”, “OK, “ok”임을 알 수 있다.'),(244,18,58,'',0,'문서를 참조하면 3번째 과제에서 문자열에서 사용자가 지정하는 문자를 삭제하는 프로그램을 작성하라고 명시되어 있습니다.'),(245,18,59,'',0,'문서를 참조하면 모든 옵션에 기재된 프로그램들이 이번 과제의 일부입니다.'),(246,18,60,'',0,'문서에 따르면, 긍정을 의미하는 문자열은 \'YES\', \'Yes\', \'yes\', \'OK\', \'ok\'로, \'maybe\'는 포함되지 않습니다.'),(247,18,61,'',0,'문서에 따르면 함수의 이름은 \'str_촉\' 입니다.'),(248,18,62,'',0,'문서에 따르면 12번째 과제로 \'회문 여부를 판별하여 그 결과를 화면에 출력하는 프로그램\'을 작성하는 것입니다.'),(249,18,63,'',0,'문서에 따르면 \'get_response\' 함수는 긍정이면 1을 반환하고 부정이면 0을 반환합니다.'),(250,18,64,'',0,'텍스트에 따르면 2024년 2학기에는 \'컴퓨터프로그래밍\' 과제가 있었습니다.'),(251,18,65,'',0,'텍스트에 따르면 컴퓨터 프로그래밍 과제는 \'11주차\'에 있었습니다.'),(252,18,66,'',0,'텍스트에 따르면 과제 제출물은 \'코드 및 주석\'과 \'실행결과 캡쳐본\' 입니다.'),(253,18,67,'',0,'텍스트에 따르면 과제를 수행한 학기는 \'2024년 2학기\' 입니다.'),(254,18,68,'',0,'과제는 \'컴퓨터프로그래밍\' 과목에서 주어졌습니다.'),(255,18,69,'',0,'해당 과제는 \'11주차\'에 진행되었습니다.'),(256,19,56,'',0,'텍스트 내용에 따르면, 유현서는 문자열을 역순으로 출력하고, 특정한 문자의 개수를 세고, 단어의 개수를 세는 프로그램을 작성한다, 텍스트에는 문자열에서 숫자만 삭제하는 프로그램을 작성하는 내용은 없다.'),(257,19,57,'',0,'텍스트에 따르면, 유현서의 프로그램에서 긍정을 의미하는 문자열은 “YES”, “Yes”, “yes”, “OK, “ok”임을 알 수 있다.'),(258,19,58,'',0,'문서를 참조하면 3번째 과제에서 문자열에서 사용자가 지정하는 문자를 삭제하는 프로그램을 작성하라고 명시되어 있습니다.'),(259,19,59,'',0,'문서를 참조하면 모든 옵션에 기재된 프로그램들이 이번 과제의 일부입니다.'),(260,19,60,'',0,'문서에 따르면, 긍정을 의미하는 문자열은 \'YES\', \'Yes\', \'yes\', \'OK\', \'ok\'로, \'maybe\'는 포함되지 않습니다.'),(261,19,61,'',0,'문서에 따르면 함수의 이름은 \'str_촉\' 입니다.'),(262,19,62,'',0,'문서에 따르면 12번째 과제로 \'회문 여부를 판별하여 그 결과를 화면에 출력하는 프로그램\'을 작성하는 것입니다.'),(263,19,63,'',0,'문서에 따르면 \'get_response\' 함수는 긍정이면 1을 반환하고 부정이면 0을 반환합니다.'),(264,19,64,'',0,'텍스트에 따르면 2024년 2학기에는 \'컴퓨터프로그래밍\' 과제가 있었습니다.'),(265,19,65,'',0,'텍스트에 따르면 컴퓨터 프로그래밍 과제는 \'11주차\'에 있었습니다.'),(266,19,66,'',0,'텍스트에 따르면 과제 제출물은 \'코드 및 주석\'과 \'실행결과 캡쳐본\' 입니다.'),(267,19,67,'',0,'텍스트에 따르면 과제를 수행한 학기는 \'2024년 2학기\' 입니다.'),(268,19,68,'',0,'과제는 \'컴퓨터프로그래밍\' 과목에서 주어졌습니다.'),(269,19,69,'',0,'해당 과제는 \'11주차\'에 진행되었습니다.'),(270,20,56,'',0,'텍스트 내용에 따르면, 유현서는 문자열을 역순으로 출력하고, 특정한 문자의 개수를 세고, 단어의 개수를 세는 프로그램을 작성한다, 텍스트에는 문자열에서 숫자만 삭제하는 프로그램을 작성하는 내용은 없다.'),(271,20,57,'',0,'텍스트에 따르면, 유현서의 프로그램에서 긍정을 의미하는 문자열은 “YES”, “Yes”, “yes”, “OK, “ok”임을 알 수 있다.'),(272,20,58,'',0,'문서를 참조하면 3번째 과제에서 문자열에서 사용자가 지정하는 문자를 삭제하는 프로그램을 작성하라고 명시되어 있습니다.'),(273,20,59,'',0,'문서를 참조하면 모든 옵션에 기재된 프로그램들이 이번 과제의 일부입니다.'),(274,20,60,'',0,'문서에 따르면, 긍정을 의미하는 문자열은 \'YES\', \'Yes\', \'yes\', \'OK\', \'ok\'로, \'maybe\'는 포함되지 않습니다.'),(275,20,61,'',0,'문서에 따르면 함수의 이름은 \'str_촉\' 입니다.'),(276,20,62,'',0,'문서에 따르면 12번째 과제로 \'회문 여부를 판별하여 그 결과를 화면에 출력하는 프로그램\'을 작성하는 것입니다.'),(277,20,63,'',0,'문서에 따르면 \'get_response\' 함수는 긍정이면 1을 반환하고 부정이면 0을 반환합니다.'),(278,20,64,'',0,'텍스트에 따르면 2024년 2학기에는 \'컴퓨터프로그래밍\' 과제가 있었습니다.'),(279,20,65,'',0,'텍스트에 따르면 컴퓨터 프로그래밍 과제는 \'11주차\'에 있었습니다.'),(280,20,66,'',0,'텍스트에 따르면 과제 제출물은 \'코드 및 주석\'과 \'실행결과 캡쳐본\' 입니다.'),(281,20,67,'',0,'텍스트에 따르면 과제를 수행한 학기는 \'2024년 2학기\' 입니다.'),(282,20,68,'',0,'과제는 \'컴퓨터프로그래밍\' 과목에서 주어졌습니다.'),(283,20,69,'',0,'해당 과제는 \'11주차\'에 진행되었습니다.'),(284,21,56,'',0,'텍스트 내용에 따르면, 유현서는 문자열을 역순으로 출력하고, 특정한 문자의 개수를 세고, 단어의 개수를 세는 프로그램을 작성한다, 텍스트에는 문자열에서 숫자만 삭제하는 프로그램을 작성하는 내용은 없다.'),(285,21,57,'',0,'텍스트에 따르면, 유현서의 프로그램에서 긍정을 의미하는 문자열은 “YES”, “Yes”, “yes”, “OK, “ok”임을 알 수 있다.'),(286,21,58,'',0,'문서를 참조하면 3번째 과제에서 문자열에서 사용자가 지정하는 문자를 삭제하는 프로그램을 작성하라고 명시되어 있습니다.'),(287,21,59,'',0,'문서를 참조하면 모든 옵션에 기재된 프로그램들이 이번 과제의 일부입니다.'),(288,21,60,'',0,'문서에 따르면, 긍정을 의미하는 문자열은 \'YES\', \'Yes\', \'yes\', \'OK\', \'ok\'로, \'maybe\'는 포함되지 않습니다.'),(289,21,61,'',0,'문서에 따르면 함수의 이름은 \'str_촉\' 입니다.'),(290,21,62,'',0,'문서에 따르면 12번째 과제로 \'회문 여부를 판별하여 그 결과를 화면에 출력하는 프로그램\'을 작성하는 것입니다.'),(291,21,63,'',0,'문서에 따르면 \'get_response\' 함수는 긍정이면 1을 반환하고 부정이면 0을 반환합니다.'),(292,21,64,'',0,'텍스트에 따르면 2024년 2학기에는 \'컴퓨터프로그래밍\' 과제가 있었습니다.'),(293,21,65,'',0,'텍스트에 따르면 컴퓨터 프로그래밍 과제는 \'11주차\'에 있었습니다.'),(294,21,66,'',0,'텍스트에 따르면 과제 제출물은 \'코드 및 주석\'과 \'실행결과 캡쳐본\' 입니다.'),(295,21,67,'',0,'텍스트에 따르면 과제를 수행한 학기는 \'2024년 2학기\' 입니다.'),(296,21,68,'',0,'과제는 \'컴퓨터프로그래밍\' 과목에서 주어졌습니다.'),(297,21,69,'',0,'해당 과제는 \'11주차\'에 진행되었습니다.'),(298,22,56,'',0,'텍스트 내용에 따르면, 유현서는 문자열을 역순으로 출력하고, 특정한 문자의 개수를 세고, 단어의 개수를 세는 프로그램을 작성한다, 텍스트에는 문자열에서 숫자만 삭제하는 프로그램을 작성하는 내용은 없다.'),(299,22,57,'',0,'텍스트에 따르면, 유현서의 프로그램에서 긍정을 의미하는 문자열은 “YES”, “Yes”, “yes”, “OK, “ok”임을 알 수 있다.'),(300,22,58,'',0,'문서를 참조하면 3번째 과제에서 문자열에서 사용자가 지정하는 문자를 삭제하는 프로그램을 작성하라고 명시되어 있습니다.'),(301,22,59,'',0,'문서를 참조하면 모든 옵션에 기재된 프로그램들이 이번 과제의 일부입니다.'),(302,22,60,'',0,'문서에 따르면, 긍정을 의미하는 문자열은 \'YES\', \'Yes\', \'yes\', \'OK\', \'ok\'로, \'maybe\'는 포함되지 않습니다.'),(303,22,61,'',0,'문서에 따르면 함수의 이름은 \'str_촉\' 입니다.'),(304,22,62,'',0,'문서에 따르면 12번째 과제로 \'회문 여부를 판별하여 그 결과를 화면에 출력하는 프로그램\'을 작성하는 것입니다.'),(305,22,63,'',0,'문서에 따르면 \'get_response\' 함수는 긍정이면 1을 반환하고 부정이면 0을 반환합니다.'),(306,22,64,'',0,'텍스트에 따르면 2024년 2학기에는 \'컴퓨터프로그래밍\' 과제가 있었습니다.'),(307,22,65,'',0,'텍스트에 따르면 컴퓨터 프로그래밍 과제는 \'11주차\'에 있었습니다.'),(308,22,66,'',0,'텍스트에 따르면 과제 제출물은 \'코드 및 주석\'과 \'실행결과 캡쳐본\' 입니다.'),(309,22,67,'',0,'텍스트에 따르면 과제를 수행한 학기는 \'2024년 2학기\' 입니다.'),(310,22,68,'',0,'과제는 \'컴퓨터프로그래밍\' 과목에서 주어졌습니다.'),(311,22,69,'',0,'해당 과제는 \'11주차\'에 진행되었습니다.'),(312,23,56,'',0,'텍스트 내용에 따르면, 유현서는 문자열을 역순으로 출력하고, 특정한 문자의 개수를 세고, 단어의 개수를 세는 프로그램을 작성한다, 텍스트에는 문자열에서 숫자만 삭제하는 프로그램을 작성하는 내용은 없다.'),(313,23,57,'',0,'텍스트에 따르면, 유현서의 프로그램에서 긍정을 의미하는 문자열은 “YES”, “Yes”, “yes”, “OK, “ok”임을 알 수 있다.'),(314,23,58,'',0,'문서를 참조하면 3번째 과제에서 문자열에서 사용자가 지정하는 문자를 삭제하는 프로그램을 작성하라고 명시되어 있습니다.'),(315,23,59,'',0,'문서를 참조하면 모든 옵션에 기재된 프로그램들이 이번 과제의 일부입니다.'),(316,23,60,'',0,'문서에 따르면, 긍정을 의미하는 문자열은 \'YES\', \'Yes\', \'yes\', \'OK\', \'ok\'로, \'maybe\'는 포함되지 않습니다.'),(317,23,61,'',0,'문서에 따르면 함수의 이름은 \'str_촉\' 입니다.'),(318,23,62,'',0,'문서에 따르면 12번째 과제로 \'회문 여부를 판별하여 그 결과를 화면에 출력하는 프로그램\'을 작성하는 것입니다.'),(319,23,63,'',0,'문서에 따르면 \'get_response\' 함수는 긍정이면 1을 반환하고 부정이면 0을 반환합니다.'),(320,23,64,'',0,'텍스트에 따르면 2024년 2학기에는 \'컴퓨터프로그래밍\' 과제가 있었습니다.'),(321,23,65,'',0,'텍스트에 따르면 컴퓨터 프로그래밍 과제는 \'11주차\'에 있었습니다.'),(322,23,66,'',0,'텍스트에 따르면 과제 제출물은 \'코드 및 주석\'과 \'실행결과 캡쳐본\' 입니다.'),(323,23,67,'',0,'텍스트에 따르면 과제를 수행한 학기는 \'2024년 2학기\' 입니다.'),(324,23,68,'',0,'과제는 \'컴퓨터프로그래밍\' 과목에서 주어졌습니다.'),(325,23,69,'',0,'해당 과제는 \'11주차\'에 진행되었습니다.'),(326,24,56,'',0,'텍스트 내용에 따르면, 유현서는 문자열을 역순으로 출력하고, 특정한 문자의 개수를 세고, 단어의 개수를 세는 프로그램을 작성한다, 텍스트에는 문자열에서 숫자만 삭제하는 프로그램을 작성하는 내용은 없다.'),(327,24,57,'',0,'텍스트에 따르면, 유현서의 프로그램에서 긍정을 의미하는 문자열은 “YES”, “Yes”, “yes”, “OK, “ok”임을 알 수 있다.'),(328,24,58,'',0,'문서를 참조하면 3번째 과제에서 문자열에서 사용자가 지정하는 문자를 삭제하는 프로그램을 작성하라고 명시되어 있습니다.'),(329,24,59,'',0,'문서를 참조하면 모든 옵션에 기재된 프로그램들이 이번 과제의 일부입니다.'),(330,24,60,'',0,'문서에 따르면, 긍정을 의미하는 문자열은 \'YES\', \'Yes\', \'yes\', \'OK\', \'ok\'로, \'maybe\'는 포함되지 않습니다.'),(331,24,61,'',0,'문서에 따르면 함수의 이름은 \'str_촉\' 입니다.'),(332,24,62,'',0,'문서에 따르면 12번째 과제로 \'회문 여부를 판별하여 그 결과를 화면에 출력하는 프로그램\'을 작성하는 것입니다.'),(333,24,63,'',0,'문서에 따르면 \'get_response\' 함수는 긍정이면 1을 반환하고 부정이면 0을 반환합니다.'),(334,24,64,'',0,'텍스트에 따르면 2024년 2학기에는 \'컴퓨터프로그래밍\' 과제가 있었습니다.'),(335,24,65,'',0,'텍스트에 따르면 컴퓨터 프로그래밍 과제는 \'11주차\'에 있었습니다.'),(336,24,66,'',0,'텍스트에 따르면 과제 제출물은 \'코드 및 주석\'과 \'실행결과 캡쳐본\' 입니다.'),(337,24,67,'',0,'텍스트에 따르면 과제를 수행한 학기는 \'2024년 2학기\' 입니다.'),(338,24,68,'',0,'과제는 \'컴퓨터프로그래밍\' 과목에서 주어졌습니다.'),(339,24,69,'',0,'해당 과제는 \'11주차\'에 진행되었습니다.'),(340,25,56,'',0,'텍스트 내용에 따르면, 유현서는 문자열을 역순으로 출력하고, 특정한 문자의 개수를 세고, 단어의 개수를 세는 프로그램을 작성한다, 텍스트에는 문자열에서 숫자만 삭제하는 프로그램을 작성하는 내용은 없다.'),(341,25,57,'',0,'텍스트에 따르면, 유현서의 프로그램에서 긍정을 의미하는 문자열은 “YES”, “Yes”, “yes”, “OK, “ok”임을 알 수 있다.'),(342,25,58,'',0,'문서를 참조하면 3번째 과제에서 문자열에서 사용자가 지정하는 문자를 삭제하는 프로그램을 작성하라고 명시되어 있습니다.'),(343,25,59,'',0,'문서를 참조하면 모든 옵션에 기재된 프로그램들이 이번 과제의 일부입니다.'),(344,25,60,'',0,'문서에 따르면, 긍정을 의미하는 문자열은 \'YES\', \'Yes\', \'yes\', \'OK\', \'ok\'로, \'maybe\'는 포함되지 않습니다.'),(345,25,61,'',0,'문서에 따르면 함수의 이름은 \'str_촉\' 입니다.'),(346,25,62,'',0,'문서에 따르면 12번째 과제로 \'회문 여부를 판별하여 그 결과를 화면에 출력하는 프로그램\'을 작성하는 것입니다.'),(347,25,63,'',0,'문서에 따르면 \'get_response\' 함수는 긍정이면 1을 반환하고 부정이면 0을 반환합니다.'),(348,25,64,'',0,'텍스트에 따르면 2024년 2학기에는 \'컴퓨터프로그래밍\' 과제가 있었습니다.'),(349,25,65,'',0,'텍스트에 따르면 컴퓨터 프로그래밍 과제는 \'11주차\'에 있었습니다.'),(350,25,66,'',0,'텍스트에 따르면 과제 제출물은 \'코드 및 주석\'과 \'실행결과 캡쳐본\' 입니다.'),(351,25,67,'',0,'텍스트에 따르면 과제를 수행한 학기는 \'2024년 2학기\' 입니다.'),(352,25,68,'',0,'과제는 \'컴퓨터프로그래밍\' 과목에서 주어졌습니다.'),(353,25,69,'',0,'해당 과제는 \'11주차\'에 진행되었습니다.'),(354,26,56,'',0,'텍스트 내용에 따르면, 유현서는 문자열을 역순으로 출력하고, 특정한 문자의 개수를 세고, 단어의 개수를 세는 프로그램을 작성한다, 텍스트에는 문자열에서 숫자만 삭제하는 프로그램을 작성하는 내용은 없다.'),(355,26,57,'',0,'텍스트에 따르면, 유현서의 프로그램에서 긍정을 의미하는 문자열은 “YES”, “Yes”, “yes”, “OK, “ok”임을 알 수 있다.'),(356,26,58,'',0,'문서를 참조하면 3번째 과제에서 문자열에서 사용자가 지정하는 문자를 삭제하는 프로그램을 작성하라고 명시되어 있습니다.'),(357,26,59,'',0,'문서를 참조하면 모든 옵션에 기재된 프로그램들이 이번 과제의 일부입니다.'),(358,26,60,'',0,'문서에 따르면, 긍정을 의미하는 문자열은 \'YES\', \'Yes\', \'yes\', \'OK\', \'ok\'로, \'maybe\'는 포함되지 않습니다.'),(359,26,61,'',0,'문서에 따르면 함수의 이름은 \'str_촉\' 입니다.'),(360,26,62,'',0,'문서에 따르면 12번째 과제로 \'회문 여부를 판별하여 그 결과를 화면에 출력하는 프로그램\'을 작성하는 것입니다.'),(361,26,63,'',0,'문서에 따르면 \'get_response\' 함수는 긍정이면 1을 반환하고 부정이면 0을 반환합니다.'),(371,26,79,'',0,'일반적으로 웹 서비스는 실제 데이터를 백엔드의 데이터베이스에 저장하고, 필요할 때 그 데이터를 가져와 사용합니다. 그러나 이 튜토리얼에서는 백엔드가 없으므로 예시를 위해서 가짜 데이터를 만들어 사용하고 있습니다. 이럴 때 가짜 데이터라고 부릅니다.'),(372,26,80,'',0,'Navigate 기능은 라우팅 경로를 구성하는 기능이 아니라 화면간 이동하는 기능이다. 반면에 Path 기능을 통해 라우팅 경로를 구성할 수 있다.'),(373,26,81,'',0,'미니블로그 기획에서 필요한 컴포넌트는 PostWritePage, MainPage, PostViewPage 이다. DashboardPage는 미니블로그에 필요한 컴포넌트가 아니다.'),(374,26,82,'',0,'SPA는 Single Page Application의 약자로, 즉 단일 페이지 어플리케이션이다. 이는 하나의 HTML 파일이 전체 페이지를 구성하는 방식을 의미한다.'),(375,27,56,'',0,'텍스트 내용에 따르면, 유현서는 문자열을 역순으로 출력하고, 특정한 문자의 개수를 세고, 단어의 개수를 세는 프로그램을 작성한다, 텍스트에는 문자열에서 숫자만 삭제하는 프로그램을 작성하는 내용은 없다.'),(376,27,57,'',0,'텍스트에 따르면, 유현서의 프로그램에서 긍정을 의미하는 문자열은 “YES”, “Yes”, “yes”, “OK, “ok”임을 알 수 있다.'),(377,27,58,'',0,'문서를 참조하면 3번째 과제에서 문자열에서 사용자가 지정하는 문자를 삭제하는 프로그램을 작성하라고 명시되어 있습니다.'),(378,27,59,'',0,'문서를 참조하면 모든 옵션에 기재된 프로그램들이 이번 과제의 일부입니다.'),(379,27,60,'',0,'문서에 따르면, 긍정을 의미하는 문자열은 \'YES\', \'Yes\', \'yes\', \'OK\', \'ok\'로, \'maybe\'는 포함되지 않습니다.'),(380,27,61,'',0,'문서에 따르면 함수의 이름은 \'str_촉\' 입니다.'),(381,27,62,'',0,'문서에 따르면 12번째 과제로 \'회문 여부를 판별하여 그 결과를 화면에 출력하는 프로그램\'을 작성하는 것입니다.'),(382,27,63,'',0,'문서에 따르면 \'get_response\' 함수는 긍정이면 1을 반환하고 부정이면 0을 반환합니다.'),(383,27,64,'',0,'텍스트에 따르면 2024년 2학기에는 \'컴퓨터프로그래밍\' 과제가 있었습니다.'),(384,27,65,'',0,'텍스트에 따르면 컴퓨터 프로그래밍 과제는 \'11주차\'에 있었습니다.'),(385,27,66,'',0,'텍스트에 따르면 과제 제출물은 \'코드 및 주석\'과 \'실행결과 캡쳐본\' 입니다.'),(386,27,67,'',0,'텍스트에 따르면 과제를 수행한 학기는 \'2024년 2학기\' 입니다.'),(387,27,68,'',0,'과제는 \'컴퓨터프로그래밍\' 과목에서 주어졌습니다.'),(388,27,69,'',0,'해당 과제는 \'11주차\'에 진행되었습니다.'),(389,28,56,'2',0,'텍스트 내용에 따르면, 유현서는 문자열을 역순으로 출력하고, 특정한 문자의 개수를 세고, 단어의 개수를 세는 프로그램을 작성한다, 텍스트에는 문자열에서 숫자만 삭제하는 프로그램을 작성하는 내용은 없다.'),(390,28,57,'',0,'텍스트에 따르면, 유현서의 프로그램에서 긍정을 의미하는 문자열은 “YES”, “Yes”, “yes”, “OK, “ok”임을 알 수 있다.'),(391,28,58,'2',1,'문서를 참조하면 3번째 과제에서 문자열에서 사용자가 지정하는 문자를 삭제하는 프로그램을 작성하라고 명시되어 있습니다.'),(392,28,59,'2',0,'문서를 참조하면 모든 옵션에 기재된 프로그램들이 이번 과제의 일부입니다.'),(393,28,60,'2',0,'문서에 따르면, 긍정을 의미하는 문자열은 \'YES\', \'Yes\', \'yes\', \'OK\', \'ok\'로, \'maybe\'는 포함되지 않습니다.'),(394,28,61,'',0,'문서에 따르면 함수의 이름은 \'str_촉\' 입니다.'),(395,28,62,'',0,'문서에 따르면 12번째 과제로 \'회문 여부를 판별하여 그 결과를 화면에 출력하는 프로그램\'을 작성하는 것입니다.'),(396,28,63,'',0,'문서에 따르면 \'get_response\' 함수는 긍정이면 1을 반환하고 부정이면 0을 반환합니다.'),(397,28,64,'3',1,'텍스트에 따르면 2024년 2학기에는 \'컴퓨터프로그래밍\' 과제가 있었습니다.'),(398,28,65,'3',1,'텍스트에 따르면 컴퓨터 프로그래밍 과제는 \'11주차\'에 있었습니다.'),(399,28,66,'3',0,'텍스트에 따르면 과제 제출물은 \'코드 및 주석\'과 \'실행결과 캡쳐본\' 입니다.'),(400,28,67,'',0,'텍스트에 따르면 과제를 수행한 학기는 \'2024년 2학기\' 입니다.'),(401,28,68,'',0,'과제는 \'컴퓨터프로그래밍\' 과목에서 주어졌습니다.'),(402,28,69,'',0,'해당 과제는 \'11주차\'에 진행되었습니다.'),(403,29,56,'3',0,'텍스트 내용에 따르면, 유현서는 문자열을 역순으로 출력하고, 특정한 문자의 개수를 세고, 단어의 개수를 세는 프로그램을 작성한다, 텍스트에는 문자열에서 숫자만 삭제하는 프로그램을 작성하는 내용은 없다.'),(404,29,57,'',0,'텍스트에 따르면, 유현서의 프로그램에서 긍정을 의미하는 문자열은 “YES”, “Yes”, “yes”, “OK, “ok”임을 알 수 있다.'),(405,29,58,'2',1,'문서를 참조하면 3번째 과제에서 문자열에서 사용자가 지정하는 문자를 삭제하는 프로그램을 작성하라고 명시되어 있습니다.'),(406,29,59,'3',0,'문서를 참조하면 모든 옵션에 기재된 프로그램들이 이번 과제의 일부입니다.'),(407,29,60,'3',1,'문서에 따르면, 긍정을 의미하는 문자열은 \'YES\', \'Yes\', \'yes\', \'OK\', \'ok\'로, \'maybe\'는 포함되지 않습니다.'),(408,29,61,'',0,'문서에 따르면 함수의 이름은 \'str_촉\' 입니다.'),(409,29,62,'',0,'문서에 따르면 12번째 과제로 \'회문 여부를 판별하여 그 결과를 화면에 출력하는 프로그램\'을 작성하는 것입니다.'),(410,29,63,'',0,'문서에 따르면 \'get_response\' 함수는 긍정이면 1을 반환하고 부정이면 0을 반환합니다.'),(411,29,64,'3',1,'텍스트에 따르면 2024년 2학기에는 \'컴퓨터프로그래밍\' 과제가 있었습니다.'),(412,29,65,'3',1,'텍스트에 따르면 컴퓨터 프로그래밍 과제는 \'11주차\'에 있었습니다.'),(413,29,66,'4',1,'텍스트에 따르면 과제 제출물은 \'코드 및 주석\'과 \'실행결과 캡쳐본\' 입니다.'),(414,29,67,'',0,'텍스트에 따르면 과제를 수행한 학기는 \'2024년 2학기\' 입니다.'),(415,29,68,'',0,'과제는 \'컴퓨터프로그래밍\' 과목에서 주어졌습니다.'),(416,29,69,'',0,'해당 과제는 \'11주차\'에 진행되었습니다.'),(417,30,56,'3',0,'텍스트 내용에 따르면, 유현서는 문자열을 역순으로 출력하고, 특정한 문자의 개수를 세고, 단어의 개수를 세는 프로그램을 작성한다, 텍스트에는 문자열에서 숫자만 삭제하는 프로그램을 작성하는 내용은 없다.'),(418,30,57,'',0,'텍스트에 따르면, 유현서의 프로그램에서 긍정을 의미하는 문자열은 “YES”, “Yes”, “yes”, “OK, “ok”임을 알 수 있다.'),(419,30,58,'3',0,'문서를 참조하면 3번째 과제에서 문자열에서 사용자가 지정하는 문자를 삭제하는 프로그램을 작성하라고 명시되어 있습니다.'),(420,30,59,'',0,'문서를 참조하면 모든 옵션에 기재된 프로그램들이 이번 과제의 일부입니다.'),(421,30,60,'3',1,'문서에 따르면, 긍정을 의미하는 문자열은 \'YES\', \'Yes\', \'yes\', \'OK\', \'ok\'로, \'maybe\'는 포함되지 않습니다.'),(422,30,61,'',0,'문서에 따르면 함수의 이름은 \'str_촉\' 입니다.'),(423,30,62,'',0,'문서에 따르면 12번째 과제로 \'회문 여부를 판별하여 그 결과를 화면에 출력하는 프로그램\'을 작성하는 것입니다.'),(424,30,63,'',0,'문서에 따르면 \'get_response\' 함수는 긍정이면 1을 반환하고 부정이면 0을 반환합니다.'),(425,30,64,'3',1,'텍스트에 따르면 2024년 2학기에는 \'컴퓨터프로그래밍\' 과제가 있었습니다.'),(426,30,65,'3',1,'텍스트에 따르면 컴퓨터 프로그래밍 과제는 \'11주차\'에 있었습니다.'),(427,30,66,'3',0,'텍스트에 따르면 과제 제출물은 \'코드 및 주석\'과 \'실행결과 캡쳐본\' 입니다.'),(428,30,67,'',0,'텍스트에 따르면 과제를 수행한 학기는 \'2024년 2학기\' 입니다.'),(429,30,68,'',0,'과제는 \'컴퓨터프로그래밍\' 과목에서 주어졌습니다.'),(430,30,69,'',0,'해당 과제는 \'11주차\'에 진행되었습니다.'),(431,31,56,'2',0,'텍스트 내용에 따르면, 유현서는 문자열을 역순으로 출력하고, 특정한 문자의 개수를 세고, 단어의 개수를 세는 프로그램을 작성한다, 텍스트에는 문자열에서 숫자만 삭제하는 프로그램을 작성하는 내용은 없다.'),(432,31,57,'asdsad',0,'텍스트에 따르면, 유현서의 프로그램에서 긍정을 의미하는 문자열은 “YES”, “Yes”, “yes”, “OK, “ok”임을 알 수 있다.'),(433,31,58,'4',0,'문서를 참조하면 3번째 과제에서 문자열에서 사용자가 지정하는 문자를 삭제하는 프로그램을 작성하라고 명시되어 있습니다.'),(434,31,59,'3',0,'문서를 참조하면 모든 옵션에 기재된 프로그램들이 이번 과제의 일부입니다.'),(435,31,60,'',0,'문서에 따르면, 긍정을 의미하는 문자열은 \'YES\', \'Yes\', \'yes\', \'OK\', \'ok\'로, \'maybe\'는 포함되지 않습니다.'),(436,31,61,'',0,'문서에 따르면 함수의 이름은 \'str_촉\' 입니다.'),(437,31,62,'',0,'문서에 따르면 12번째 과제로 \'회문 여부를 판별하여 그 결과를 화면에 출력하는 프로그램\'을 작성하는 것입니다.'),(438,31,63,'',0,'문서에 따르면 \'get_response\' 함수는 긍정이면 1을 반환하고 부정이면 0을 반환합니다.'),(439,31,64,'',0,'텍스트에 따르면 2024년 2학기에는 \'컴퓨터프로그래밍\' 과제가 있었습니다.'),(440,31,65,'',0,'텍스트에 따르면 컴퓨터 프로그래밍 과제는 \'11주차\'에 있었습니다.'),(441,31,66,'',0,'텍스트에 따르면 과제 제출물은 \'코드 및 주석\'과 \'실행결과 캡쳐본\' 입니다.'),(442,31,67,'',0,'텍스트에 따르면 과제를 수행한 학기는 \'2024년 2학기\' 입니다.'),(443,31,68,'',0,'과제는 \'컴퓨터프로그래밍\' 과목에서 주어졌습니다.'),(444,31,69,'',0,'해당 과제는 \'11주차\'에 진행되었습니다.'),(445,32,56,'',0,'텍스트 내용에 따르면, 유현서는 문자열을 역순으로 출력하고, 특정한 문자의 개수를 세고, 단어의 개수를 세는 프로그램을 작성한다, 텍스트에는 문자열에서 숫자만 삭제하는 프로그램을 작성하는 내용은 없다.'),(446,32,57,'',0,'텍스트에 따르면, 유현서의 프로그램에서 긍정을 의미하는 문자열은 “YES”, “Yes”, “yes”, “OK, “ok”임을 알 수 있다.'),(447,32,58,'',0,'문서를 참조하면 3번째 과제에서 문자열에서 사용자가 지정하는 문자를 삭제하는 프로그램을 작성하라고 명시되어 있습니다.'),(448,32,59,'3',0,'문서를 참조하면 모든 옵션에 기재된 프로그램들이 이번 과제의 일부입니다.'),(449,32,60,'1',0,'문서에 따르면, 긍정을 의미하는 문자열은 \'YES\', \'Yes\', \'yes\', \'OK\', \'ok\'로, \'maybe\'는 포함되지 않습니다.'),(450,32,61,'',0,'문서에 따르면 함수의 이름은 \'str_촉\' 입니다.'),(451,32,62,'',0,'문서에 따르면 12번째 과제로 \'회문 여부를 판별하여 그 결과를 화면에 출력하는 프로그램\'을 작성하는 것입니다.'),(452,32,63,'',0,'문서에 따르면 \'get_response\' 함수는 긍정이면 1을 반환하고 부정이면 0을 반환합니다.'),(453,32,64,'3',1,'텍스트에 따르면 2024년 2학기에는 \'컴퓨터프로그래밍\' 과제가 있었습니다.'),(454,32,65,'',0,'텍스트에 따르면 컴퓨터 프로그래밍 과제는 \'11주차\'에 있었습니다.'),(455,32,66,'3',0,'텍스트에 따르면 과제 제출물은 \'코드 및 주석\'과 \'실행결과 캡쳐본\' 입니다.'),(456,32,67,'',0,'텍스트에 따르면 과제를 수행한 학기는 \'2024년 2학기\' 입니다.'),(457,32,68,'',0,'과제는 \'컴퓨터프로그래밍\' 과목에서 주어졌습니다.'),(458,32,69,'',0,'해당 과제는 \'11주차\'에 진행되었습니다.'),(459,33,56,'4',1,'텍스트 내용에 따르면, 유현서는 문자열을 역순으로 출력하고, 특정한 문자의 개수를 세고, 단어의 개수를 세는 프로그램을 작성한다, 텍스트에는 문자열에서 숫자만 삭제하는 프로그램을 작성하는 내용은 없다.'),(460,33,57,'',0,'텍스트에 따르면, 유현서의 프로그램에서 긍정을 의미하는 문자열은 “YES”, “Yes”, “yes”, “OK, “ok”임을 알 수 있다.'),(461,33,58,'',0,'문서를 참조하면 3번째 과제에서 문자열에서 사용자가 지정하는 문자를 삭제하는 프로그램을 작성하라고 명시되어 있습니다.'),(462,33,59,'',0,'문서를 참조하면 모든 옵션에 기재된 프로그램들이 이번 과제의 일부입니다.'),(463,33,60,'',0,'문서에 따르면, 긍정을 의미하는 문자열은 \'YES\', \'Yes\', \'yes\', \'OK\', \'ok\'로, \'maybe\'는 포함되지 않습니다.'),(464,33,61,'',0,'문서에 따르면 함수의 이름은 \'str_촉\' 입니다.'),(465,33,62,'',0,'문서에 따르면 12번째 과제로 \'회문 여부를 판별하여 그 결과를 화면에 출력하는 프로그램\'을 작성하는 것입니다.'),(466,33,63,'',0,'문서에 따르면 \'get_response\' 함수는 긍정이면 1을 반환하고 부정이면 0을 반환합니다.'),(467,33,64,'',0,'텍스트에 따르면 2024년 2학기에는 \'컴퓨터프로그래밍\' 과제가 있었습니다.'),(468,33,65,'',0,'텍스트에 따르면 컴퓨터 프로그래밍 과제는 \'11주차\'에 있었습니다.'),(469,33,66,'',0,'텍스트에 따르면 과제 제출물은 \'코드 및 주석\'과 \'실행결과 캡쳐본\' 입니다.'),(470,33,67,'',0,'텍스트에 따르면 과제를 수행한 학기는 \'2024년 2학기\' 입니다.'),(471,33,68,'',0,'과제는 \'컴퓨터프로그래밍\' 과목에서 주어졌습니다.'),(472,33,69,'',0,'해당 과제는 \'11주차\'에 진행되었습니다.'),(477,35,90,'3',0,'shmget() 함수는 공유 메모리를 생성하는 명령어입니다. 이 함수는 key 를 이용해 찾은 기존의 공유메모리 ID가 없을 경우, size 크기의 새로운 공유메모리를 생성하고 그 ID를 반환합니다.'),(478,35,91,'3',1,'signal() 함수는 신호(SIGUSR1)에 대한 핸들러를 설정하는 함수입니다. 여기서는 handler라는 함수를 핸들러로 설정했습니다.'),(479,35,92,'',0,'이러한 상호작용 방식은 프로세스 간의 통신에서 일반적으로 볼 수 있습니다. 공유 메모리는 여러 프로세스에서 동시에 액세스할 수 있는 메모리 영역을 제공하며, 신호는 프로세스 간에 특정 이벤트를 알리는 데 사용합니다.'),(480,35,93,'',0,'strcpy 함수를 사용하여 공유 메모리 주소인 shmaddr에 문자열을 복사합니다.'),(481,35,94,'3',0,'이 경우의 handler() 함수는 빈 함수로, SIGUSR1 시그널이 발생했을 때 아무런 기능을 수행하지 않는다. 그러나 이 함수가 존재함으로써 SIGUSR1 시그널이 발생하면 이 함수가 호출되며 이를 통해 시그널을 처리하는 것으로 간주된다.'),(482,35,95,'',0,'ftok 함수는 파일 경로와 프로젝트 id를 인자로 받아 고유한 키 값을 생성한다. 이 키는 공유 메모리 또는 세마포어 같은 IPC 객체를 생성하거나 접근할 때 사용된다.'),(483,35,96,'3',0,'코드에서 shmaddr이 본체할 내용을 복사하는 함수는 strcpy입니다.'),(484,35,97,'',0,'코드에서 shared memory의 키를 생성하는 함수는 ftok입니다.'),(485,35,98,'3',0,'shmdt는 공유메모리를 프로세스에서 분리하는 함수이고, shmctl는 공유 메모리를 제어하는 함수로 IPC_RMID 옵션을 사용하여 공유메모리를 삭제할 수 있습니다. 이 코드에서는 32번째 줄에서 이를 실행합니다.'),(486,35,99,'',0,'기본적인 신호는 핸들러 함수를 통해 처리되며, 이 코드에서는 \'handler\'라는 이름의 함수를 통해 이를 처리합니다.'),(487,36,90,'',0,'shmget() 함수는 공유 메모리를 생성하는 명령어입니다. 이 함수는 key 를 이용해 찾은 기존의 공유메모리 ID가 없을 경우, size 크기의 새로운 공유메모리를 생성하고 그 ID를 반환합니다.'),(488,36,91,'',0,'signal() 함수는 신호(SIGUSR1)에 대한 핸들러를 설정하는 함수입니다. 여기서는 handler라는 함수를 핸들러로 설정했습니다.'),(489,36,92,'',0,'이러한 상호작용 방식은 프로세스 간의 통신에서 일반적으로 볼 수 있습니다. 공유 메모리는 여러 프로세스에서 동시에 액세스할 수 있는 메모리 영역을 제공하며, 신호는 프로세스 간에 특정 이벤트를 알리는 데 사용합니다.'),(490,36,93,'',0,'strcpy 함수를 사용하여 공유 메모리 주소인 shmaddr에 문자열을 복사합니다.'),(491,36,94,'',0,'이 경우의 handler() 함수는 빈 함수로, SIGUSR1 시그널이 발생했을 때 아무런 기능을 수행하지 않는다. 그러나 이 함수가 존재함으로써 SIGUSR1 시그널이 발생하면 이 함수가 호출되며 이를 통해 시그널을 처리하는 것으로 간주된다.'),(492,36,95,'',0,'ftok 함수는 파일 경로와 프로젝트 id를 인자로 받아 고유한 키 값을 생성한다. 이 키는 공유 메모리 또는 세마포어 같은 IPC 객체를 생성하거나 접근할 때 사용된다.'),(493,36,96,'',0,'코드에서 shmaddr이 본체할 내용을 복사하는 함수는 strcpy입니다.'),(494,36,97,'',0,'코드에서 shared memory의 키를 생성하는 함수는 ftok입니다.'),(495,36,98,'',0,'shmdt는 공유메모리를 프로세스에서 분리하는 함수이고, shmctl는 공유 메모리를 제어하는 함수로 IPC_RMID 옵션을 사용하여 공유메모리를 삭제할 수 있습니다. 이 코드에서는 32번째 줄에서 이를 실행합니다.'),(496,36,99,'',0,'기본적인 신호는 핸들러 함수를 통해 처리되며, 이 코드에서는 \'handler\'라는 이름의 함수를 통해 이를 처리합니다.'),(501,37,136,'1',0,'데이터베이스의 구축은 수작업에 의한 구축과 도구를 이용한 구축의 두 가지 방법이 있다.'),(502,37,137,'1',0,'역공학은 이미 구축된 데이터베이스로부터 정보를 추출하여 사용하는 과정으로, 데이터베이스를 구축하는 작업이 아니다.'),(503,37,138,'',0,'데이터베이스를 직접 구축하는 것이 아니라, 이미 만들어진 모델링 도구를 이용하는 방법을 \'도구에 의한 방법\'이라고 한다.'),(504,37,139,'',0,'데이터베이스에는 조직 전체의 정보가 통합적으로 관리되기 때문에, 권한이 있는 사용자가 저장된 모든 정보를 검색할 수 있으므로, 사용자에 따른 접근 제한이 필요하다.'),(505,37,144,'1',0,'문서에 따르면 블로그 서버를 만드는데 Express 모듈이 사용되었습니다.'),(506,37,145,'1',1,'문서에 따르면 2학년 2학기 웹 프로그래밍과목에서 Express 모듈을 배웠습니다.'),(507,37,146,'',0,'17장에서는 FE만 있었는데 17장에서 BE를 구현하고 데이터를 BE에서 저장 및 조회함으로써 가짜 데이터 대신 실제 데이터를 사용할 수 있게 되었습니다.'),(508,37,147,'',0,'41번 줄에서 url과 일치하는 웹 서버에서 get 요청하여 response를 받습니다. 웹 서버의 해당 코드는 server.js의 52번 줄에 있습니다.'),(509,38,160,'2',0,'각 메인보드의 SATA 0번 슬롯에는 각각 30개의 SATA 장치를 장착할 수 있습니다.'),(510,38,161,'4',0,'처음 장착된 SCSI 디스크를 /dev/sda라 부릅니다.'),(511,38,162,'',0,'디스크를 추가하면 추가된 디스크의 이름은 /dev/sdb입니다.'),(512,38,163,'',0,'사용자에게 공간을 할당하는 개념을 쿼터라고 합니다.'),(513,38,164,'',0,'VMware는 SATA 슬롯 4개를 지원하므로, SATA 장치를 120개까지 장착할 수 있다.'),(514,38,165,'',0,'디스크 추가를 위해서는 디스크 추가, 파티션 할당, 파일시스템 생성 등의 단계가 필요하다.'),(515,38,166,'',0,'처음 장착된 SCSI 디스크는 /dev/sda라고 부른다.'),(516,38,167,'',0,'리눅스에서 공간 할당 개념은 사용자별로 할당된 공간만 사용하도록 용량을 제한하여 시스템의 치명적인 문제가 발생하는 것을 방지하는 것을 의미한다.'),(517,38,168,'',0,'/dev/sda1, /dev/sda2, /dev/sda3, /dev/sda4등은 /dev/sda 장치의 파티션을 가리킨다.'),(518,38,169,'',0,'SCSI 0번 슬롯은 15개의 디스크를 장착할 수 있으며, 1, 2, 3번 슬롯도 각각 사용 가능하므로 각 슬롯 당 15개의 디스크를 장착할 수 있다.'),(519,38,170,'',0,'쿼터는 사용자별로 할당된 공간만 사용하도록 용량을 제한하는 개념이다. 이는 시스템 전체가 가동되지 않는 치명적인 문제를 미연에 방지하기 위해 사용된다.'),(520,38,171,'',0,'디렉터리는 장치에 마운트되면 그 장치의 파일 시스템이 해당 디렉터리에 연결됩니다. 이때 디렉터리에 기존에 있었던 파일들은 잠시 보이지 않게 된다. 새로운 장치의 마운팅이 해제되면 기존의 파일들은 다시 보이게 된다.'),(521,39,128,'2',0,'getservbyport() 함수의 두번째 인자인 proto에는 \'tcp\'나 \'udp\' 또는 NULL을 지정할 수 있습니다.'),(522,39,129,'2',0,'TCP/IP에서는 데이터를 전송할 때 무조건 빅 엔디언을 사용하기로 결정 되어있습니다.'),(523,39,130,'',0,'ntohl() 함수는 32비트 NBO를 32비트 HBO로 변환하고, ntohs() 함수는 16비트 NBO를 16비트 HBO로 변환합니다.'),(524,39,131,'',0,'소켓을 이용할 때 하부 프로토콜로 TCP를 사용할 것인지 UDP를 사용할 것인지 지정해야하는데 이때 SOCK_STREAM은 TCP를, SOCK_DGRAM은 UDP를 사용한다는 것을 나타내는 상수입니다.'),(525,39,132,'2',0,'recvfrom() 함수는 UDP 소켓에서 데이터를 수신하기 위한 함수입니다.'),(526,39,133,'',0,'클라이언트는 서버에 연결하기 위해 listen() 함수 대신 connect() 함수를 사용합니다.'),(527,39,134,'',0,'sendto() 함수 예제에서는 \'192.168.10.1\' IP 주소로 데이터를 전송하고 있습니다.'),(528,39,135,'',0,'bind() 함수 호출시 이미 사용 중인 소켓 주소를 사용하려고 하면 \'Address already in use\' 오류 메시지가 출력됩니다.'),(577,44,128,'3',0,'getservbyport() 함수의 두번째 인자인 proto에는 \'tcp\'나 \'udp\' 또는 NULL을 지정할 수 있습니다.'),(578,44,129,'3',0,'TCP/IP에서는 데이터를 전송할 때 무조건 빅 엔디언을 사용하기로 결정 되어있습니다.'),(579,44,130,'',0,'ntohl() 함수는 32비트 NBO를 32비트 HBO로 변환하고, ntohs() 함수는 16비트 NBO를 16비트 HBO로 변환합니다.'),(580,44,131,'',0,'소켓을 이용할 때 하부 프로토콜로 TCP를 사용할 것인지 UDP를 사용할 것인지 지정해야하는데 이때 SOCK_STREAM은 TCP를, SOCK_DGRAM은 UDP를 사용한다는 것을 나타내는 상수입니다.'),(581,44,190,'',0,'getservbyport() 함수의 두번째 인자인 proto에는 “tcp”나 “udp” 또는NULL을 지정할 수 있습니다.'),(582,44,191,'',0,'바이트 순서는 소켓 프로그래밍에서 중요한 개념이며, 이를 변환해주는 함수로는 htonl(), htons(), ntohl(), ntohs() 등이 있다.'),(583,44,192,'',0,'AF_INET은 인터넷 소켓을 의미하고, SOCK_STREAM은 TCP 통신을 의미합니다. 따라서 AF_INET –SOCK_STREAM은 인터넷 소켓을 이용한 TCP 통신을 의미합니다.'),(584,44,193,'',0,'TCP/IP에서는 데이터 전송 시 빅 엔디언을 사용하기로 결정하였습니다.'),(585,44,194,'',0,'네트워크에서 데이터를 보내는 컴퓨터와 받는 컴퓨터의 정수 저장 방식이 다르면 같은 값을 서로 다르게 해석하는 문제가 발생합니다.'),(586,44,195,'',0,'바이트 순서를 HBO에서 NBO로 변환하는 함수로는 htonl(), htons() 등이 있습니다.'),(587,44,196,'',0,'getservbyport() 함수에서 두 번째 인자인 proto에는 “tcp”나 “udp” 또는 NULL을 지정할 수 있습니다.'),(588,44,197,'',0,'ntohl() 함수는 32비트 NBO를 32비트 HBO로 변환합니다.'),(589,44,198,'',0,'인텔 계열 CPU에서는 리틀 엔디언 방식을 사용하여 바이트를 저장합니다.'),(590,44,199,'',0,'소켓에서 이용할 하부 프로토콜로 TCP를 사용할 때 정의된 상수로는 SOCK_STREAM을 사용합니다.'),(591,44,200,'',0,'TCP/IP에서 데이터를 전송할 때 네트워크의 바이트 순서를 무조건 사용합니다.'),(593,44,202,'',0,'본문 내용에 따르면 getservbyport() 함수의 두번째 인자인 proto에 \'tcp\', \'udp\' 또는 NULL을 지정할 수 있다고 되어 있습니다. 여기서 NULL을 지정하면 특정 항목을 검색하지 않는 것으로 이해할 수 있습니다.'),(594,44,203,'',0,'이와 같은 처리를 함으로써, 서로 다른 바이트 순서 설정을 가진 컴퓨터 간에도 데이터를 정확하게 주고받을 수 있습니다.'),(595,45,148,'',0,'SPA (Single Page Application)로 개발된 웹사이트는 하나의 HTML만 포함하며, 필요한 페이지로 이동할 때 새로운 페이지를 불러오지 않고 현재 페이지를 동적으로 다시 작성해서 페이지를 교체하는 방식을 사용합니다.'),(596,45,149,'2',1,'MPA (Multi Page Application)에서 브라우저는 사용자가 사이트에서 이동할 때마다, 새로운 페이지를 서버로부터 전달 받습니다.'),(597,45,150,'',0,'path가 홈페이지는 \'/\' 입니다.'),(598,45,151,'',0,'리액트 어플리케이션은 index.js 파일을 렌더링합니다.'),(599,45,152,'',0,'오큘러스 퀘스트는 독립형 플랫폼으로 PC와 연결하여 개발 및 실행하기 위해서는 링크 케이블이 필요합니다.'),(600,45,153,'4',0,'Anchor Prefab Spawner는 룸 모델 메시를 다른 객체로 대체하는 기능을 가지고 있습니다.'),(601,45,154,'',0,'스마트폰에 Meta Horizon 앱을 설치 후 페어링해야 메타 퀘스트 사용이 가능합니다.'),(602,45,155,'',0,'Project Settings에서 XRPlugin Management 항목을 통해 XR 플러그인 관리를 확인할 수 있습니다.'),(603,45,156,'1',0,'메타퀘스트를 설정하는 과정에서 스마트폰에는 Meta Horizon 앱을 설치해야 합니다.'),(604,45,157,'4',0,'Meta XRAll-in-One SDK in Unity에서는 XRPlugin Management 도구를 사용하여 설정을 관리합니다.'),(605,45,158,'',0,'오큘러스 퀘스트는 독립형 플랫폼으로 PC와 연결하여 개발하고 실행하기 위해서는 링크 케이블이 필요합니다.'),(606,45,159,'',0,'Unity에서 메타퀘스트의 설정 중 일부를 변경할 때에는 \'설정\' 메뉴에서 \'베타\'를 선택하여 변경할 수 있습니다.'),(607,46,136,'2',0,'데이터베이스의 구축은 수작업에 의한 구축과 도구를 이용한 구축의 두 가지 방법이 있다.'),(608,46,137,'2',1,'역공학은 이미 구축된 데이터베이스로부터 정보를 추출하여 사용하는 과정으로, 데이터베이스를 구축하는 작업이 아니다.'),(609,46,138,'',0,'데이터베이스를 직접 구축하는 것이 아니라, 이미 만들어진 모델링 도구를 이용하는 방법을 \'도구에 의한 방법\'이라고 한다.'),(610,46,139,'',0,'데이터베이스에는 조직 전체의 정보가 통합적으로 관리되기 때문에, 권한이 있는 사용자가 저장된 모든 정보를 검색할 수 있으므로, 사용자에 따른 접근 제한이 필요하다.'),(611,46,184,'3',1,'역공학은 이미 구축되어 있는 데이터베이스로부터 정보를 읽어 ERD를 그려주는 과정을 의미한다.'),(612,46,185,'',0,'역할은 권한 관리를 쉽게 하기 위해 사용되며, 여러 사용자에게 동일한 권한을 부여하거나 변경할 때 효율적이다.'),(613,46,204,'',0,'데이터베이스를 구축하는 두 가지 방법은 수작업에 의한 방법과 도구를 이용한 방법이다.'),(614,46,205,'3',0,'역공학은 이미 구축된 데이터베이스로부터 정보를 불러와 우리가 알고 있는 ERD를 그려주는 과정을 의미한다'),(615,46,206,'',0,'SQL에서 사용자 계정을 생성하는 명령어는 CREATE USER이다.'),(616,46,207,'',0,'데이터베이스에는 조직 전체의 정보가 통합적으로 관리되어서 보안이 유리하다. 그러나 이것은 데이터의 통합 저장이라는 특징 때문에 권한이 있는 한 명의 사용자가 저장된 모든 정보를 검색할 수 있다는 문제가 있기 때문에, 권한 관리가 필요하다.'),(617,46,144,'',0,'문서에 따르면 블로그 서버를 만드는데 Express 모듈이 사용되었습니다.'),(618,46,145,'1',1,'문서에 따르면 2학년 2학기 웹 프로그래밍과목에서 Express 모듈을 배웠습니다.'),(619,46,146,'',0,'17장에서는 FE만 있었는데 17장에서 BE를 구현하고 데이터를 BE에서 저장 및 조회함으로써 가짜 데이터 대신 실제 데이터를 사용할 수 있게 되었습니다.'),(620,46,147,'',0,'41번 줄에서 url과 일치하는 웹 서버에서 get 요청하여 response를 받습니다. 웹 서버의 해당 코드는 server.js의 52번 줄에 있습니다.'),(621,47,136,'2',0,'데이터베이스의 구축은 수작업에 의한 구축과 도구를 이용한 구축의 두 가지 방법이 있다.'),(622,47,137,'2',1,'역공학은 이미 구축된 데이터베이스로부터 정보를 추출하여 사용하는 과정으로, 데이터베이스를 구축하는 작업이 아니다.'),(623,47,138,'',0,'데이터베이스를 직접 구축하는 것이 아니라, 이미 만들어진 모델링 도구를 이용하는 방법을 \'도구에 의한 방법\'이라고 한다.'),(624,47,139,'',0,'데이터베이스에는 조직 전체의 정보가 통합적으로 관리되기 때문에, 권한이 있는 사용자가 저장된 모든 정보를 검색할 수 있으므로, 사용자에 따른 접근 제한이 필요하다.'),(625,47,184,'3',1,'역공학은 이미 구축되어 있는 데이터베이스로부터 정보를 읽어 ERD를 그려주는 과정을 의미한다.'),(626,47,185,'',0,'역할은 권한 관리를 쉽게 하기 위해 사용되며, 여러 사용자에게 동일한 권한을 부여하거나 변경할 때 효율적이다.'),(627,47,204,'4',0,'데이터베이스를 구축하는 두 가지 방법은 수작업에 의한 방법과 도구를 이용한 방법이다.'),(628,47,205,'4',0,'역공학은 이미 구축된 데이터베이스로부터 정보를 불러와 우리가 알고 있는 ERD를 그려주는 과정을 의미한다'),(629,47,206,'',0,'SQL에서 사용자 계정을 생성하는 명령어는 CREATE USER이다.'),(630,47,207,'',0,'데이터베이스에는 조직 전체의 정보가 통합적으로 관리되어서 보안이 유리하다. 그러나 이것은 데이터의 통합 저장이라는 특징 때문에 권한이 있는 한 명의 사용자가 저장된 모든 정보를 검색할 수 있다는 문제가 있기 때문에, 권한 관리가 필요하다.'),(631,47,144,'4',0,'문서에 따르면 블로그 서버를 만드는데 Express 모듈이 사용되었습니다.'),(632,47,145,'2',0,'문서에 따르면 2학년 2학기 웹 프로그래밍과목에서 Express 모듈을 배웠습니다.'),(633,47,146,'',0,'17장에서는 FE만 있었는데 17장에서 BE를 구현하고 데이터를 BE에서 저장 및 조회함으로써 가짜 데이터 대신 실제 데이터를 사용할 수 있게 되었습니다.'),(634,47,147,'',0,'41번 줄에서 url과 일치하는 웹 서버에서 get 요청하여 response를 받습니다. 웹 서버의 해당 코드는 server.js의 52번 줄에 있습니다.'),(635,48,136,'2',0,'데이터베이스의 구축은 수작업에 의한 구축과 도구를 이용한 구축의 두 가지 방법이 있다.'),(636,48,137,'3',0,'역공학은 이미 구축된 데이터베이스로부터 정보를 추출하여 사용하는 과정으로, 데이터베이스를 구축하는 작업이 아니다.'),(637,48,138,'agdg',0,'데이터베이스를 직접 구축하는 것이 아니라, 이미 만들어진 모델링 도구를 이용하는 방법을 \'도구에 의한 방법\'이라고 한다.'),(638,48,139,'',0,'데이터베이스에는 조직 전체의 정보가 통합적으로 관리되기 때문에, 권한이 있는 사용자가 저장된 모든 정보를 검색할 수 있으므로, 사용자에 따른 접근 제한이 필요하다.'),(639,48,184,'',0,'역공학은 이미 구축되어 있는 데이터베이스로부터 정보를 읽어 ERD를 그려주는 과정을 의미한다.'),(640,48,185,'',0,'역할은 권한 관리를 쉽게 하기 위해 사용되며, 여러 사용자에게 동일한 권한을 부여하거나 변경할 때 효율적이다.'),(641,48,204,'',0,'데이터베이스를 구축하는 두 가지 방법은 수작업에 의한 방법과 도구를 이용한 방법이다.'),(642,48,205,'',0,'역공학은 이미 구축된 데이터베이스로부터 정보를 불러와 우리가 알고 있는 ERD를 그려주는 과정을 의미한다'),(643,48,206,'',0,'SQL에서 사용자 계정을 생성하는 명령어는 CREATE USER이다.'),(644,48,207,'',0,'데이터베이스에는 조직 전체의 정보가 통합적으로 관리되어서 보안이 유리하다. 그러나 이것은 데이터의 통합 저장이라는 특징 때문에 권한이 있는 한 명의 사용자가 저장된 모든 정보를 검색할 수 있다는 문제가 있기 때문에, 권한 관리가 필요하다.'),(645,48,144,'',0,'문서에 따르면 블로그 서버를 만드는데 Express 모듈이 사용되었습니다.'),(646,48,145,'',0,'문서에 따르면 2학년 2학기 웹 프로그래밍과목에서 Express 모듈을 배웠습니다.'),(647,48,146,'',0,'17장에서는 FE만 있었는데 17장에서 BE를 구현하고 데이터를 BE에서 저장 및 조회함으로써 가짜 데이터 대신 실제 데이터를 사용할 수 있게 되었습니다.'),(648,48,147,'',0,'41번 줄에서 url과 일치하는 웹 서버에서 get 요청하여 response를 받습니다. 웹 서버의 해당 코드는 server.js의 52번 줄에 있습니다.');
/*!40000 ALTER TABLE `MockExamAnswers` ENABLE KEYS */;
UNLOCK TABLES;

--
-- Table structure for table `MockExamResults`
--

DROP TABLE IF EXISTS `MockExamResults`;
/*!40101 SET @saved_cs_client     = @@character_set_client */;
/*!50503 SET character_set_client = utf8mb4 */;
CREATE TABLE `MockExamResults` (
  `Result_id` int NOT NULL AUTO_INCREMENT,
  `ME_id` int NOT NULL,
  `User_id` int NOT NULL,
  `TotalQuestions` int NOT NULL,
  `CorrectAnswers` int NOT NULL,
  `ObjectiveCorrect` int NOT NULL,
  `SubjectiveCorrect` int NOT NULL,
  `HighCorrect` int NOT NULL,
  `MediumCorrect` int NOT NULL,
  `LowCorrect` int NOT NULL,
  `SubmittedAt` timestamp NULL DEFAULT CURRENT_TIMESTAMP,
  `ElapsedTime` int NOT NULL COMMENT '모의고사 소요 시간 (초 단위)',
  PRIMARY KEY (`Result_id`),
  KEY `ME_id` (`ME_id`),
  KEY `User_id` (`User_id`),
  CONSTRAINT `MockExamResults_ibfk_1` FOREIGN KEY (`ME_id`) REFERENCES `MockExams` (`ME_id`) ON DELETE CASCADE,
  CONSTRAINT `MockExamResults_ibfk_2` FOREIGN KEY (`User_id`) REFERENCES `User` (`User_id`) ON DELETE CASCADE
) ENGINE=InnoDB AUTO_INCREMENT=49 DEFAULT CHARSET=utf8mb4 COLLATE=utf8mb4_0900_ai_ci;
/*!40101 SET character_set_client = @saved_cs_client */;

--
-- Dumping data for table `MockExamResults`
--

LOCK TABLES `MockExamResults` WRITE;
/*!40000 ALTER TABLE `MockExamResults` DISABLE KEYS */;
INSERT INTO `MockExamResults` VALUES (1,16,1235,12,0,0,0,0,0,0,'2024-11-27 01:07:57',0),(2,16,1235,12,0,0,0,0,0,0,'2024-11-27 01:28:49',1),(3,16,1235,12,0,0,0,0,0,0,'2024-11-27 04:07:19',1),(4,16,1235,12,0,0,0,0,0,0,'2024-11-27 04:12:06',1),(5,16,1235,12,0,0,0,0,0,0,'2024-11-27 04:15:06',1),(6,16,1235,12,2,2,0,0,0,2,'2024-11-27 04:19:13',12),(7,16,1235,12,2,2,0,0,2,0,'2024-11-27 04:30:00',17),(9,16,1235,12,0,0,0,0,0,0,'2024-11-27 04:32:37',4),(10,19,1235,14,0,0,0,0,0,0,'2024-11-27 14:33:15',3),(11,19,1235,14,0,0,0,0,0,0,'2024-11-27 14:43:50',2),(12,19,1235,14,0,0,0,0,0,0,'2024-11-27 14:44:39',2),(13,19,1235,14,0,0,0,0,0,0,'2024-11-27 14:45:28',2),(14,19,1235,14,0,0,0,0,0,0,'2024-11-27 14:46:13',2),(15,19,1235,14,0,0,0,0,0,0,'2024-11-27 14:46:43',2),(16,19,1235,14,0,0,0,0,0,0,'2024-11-27 14:47:30',1),(17,19,1235,14,0,0,0,0,0,0,'2024-11-27 14:52:05',1),(18,19,1235,14,0,0,0,0,0,0,'2024-11-27 14:53:16',2),(19,19,1235,14,0,0,0,0,0,0,'2024-11-27 15:00:38',1),(20,19,1235,14,0,0,0,0,0,0,'2024-11-27 15:01:44',1),(21,19,1235,14,0,0,0,0,0,0,'2024-11-27 15:01:58',2),(22,19,1235,14,0,0,0,0,0,0,'2024-11-27 15:06:49',7),(23,19,1235,14,0,0,0,0,0,0,'2024-11-27 15:16:08',1),(24,19,1235,14,0,0,0,0,0,0,'2024-11-27 15:18:27',1),(25,19,1235,14,0,0,0,0,0,0,'2024-11-27 15:21:06',4),(26,18,1235,21,0,0,0,0,0,0,'2024-11-27 15:22:10',3),(27,19,1235,14,0,0,0,0,0,0,'2024-11-27 15:23:05',1),(28,19,1235,14,3,3,0,0,3,0,'2024-11-27 15:26:44',15),(29,19,1235,14,5,5,0,0,5,0,'2024-11-27 16:48:37',22),(30,19,1235,14,3,3,0,0,3,0,'2024-11-28 01:06:47',27),(31,21,1235,14,0,0,0,0,0,0,'2024-11-28 02:21:49',22),(32,21,1235,14,1,1,0,0,1,0,'2024-11-28 07:15:19',24),(33,21,1235,14,1,1,0,0,1,0,'2024-11-28 07:20:26',42),(35,23,1235,10,1,1,0,0,1,0,'2024-11-28 15:37:39',13),(36,23,1235,10,0,0,0,0,0,0,'2024-11-28 15:44:08',1),(37,24,1246,12,2,2,0,1,1,0,'2024-11-28 17:05:27',32),(38,25,1247,12,0,0,0,0,0,0,'2024-11-29 02:06:47',10),(39,26,1246,8,0,0,0,0,0,0,'2024-11-29 03:04:14',33),(44,32,1246,18,0,0,0,0,0,0,'2024-11-29 05:11:15',11),(45,33,1246,12,1,1,0,0,0,1,'2024-11-29 06:06:01',13),(46,34,1246,14,3,3,0,1,2,0,'2024-11-29 07:20:42',16),(47,24,1246,14,2,2,0,0,2,0,'2024-12-03 15:49:21',10),(48,24,1246,14,0,0,0,0,0,0,'2024-12-04 03:54:39',16);
/*!40000 ALTER TABLE `MockExamResults` ENABLE KEYS */;
UNLOCK TABLES;

--
-- Table structure for table `MockExams`
--

DROP TABLE IF EXISTS `MockExams`;
/*!40101 SET @saved_cs_client     = @@character_set_client */;
/*!50503 SET character_set_client = utf8mb4 */;
CREATE TABLE `MockExams` (
  `ME_id` int NOT NULL AUTO_INCREMENT,
  `ME_title` varchar(255) NOT NULL,
  `ME_content` text,
  `User_id` int NOT NULL,
  `ME_created` timestamp NULL DEFAULT CURRENT_TIMESTAMP,
  `ME_description` text,
  PRIMARY KEY (`ME_id`),
  KEY `User_id` (`User_id`),
  CONSTRAINT `MockExams_ibfk_1` FOREIGN KEY (`User_id`) REFERENCES `User` (`User_id`) ON DELETE CASCADE
) ENGINE=InnoDB AUTO_INCREMENT=35 DEFAULT CHARSET=utf8mb4 COLLATE=utf8mb4_0900_ai_ci;
/*!40101 SET character_set_client = @saved_cs_client */;

--
-- Dumping data for table `MockExams`
--

LOCK TABLES `MockExams` WRITE;
/*!40000 ALTER TABLE `MockExams` DISABLE KEYS */;
INSERT INTO `MockExams` VALUES (16,'모의고사 A','[{\"EM_id\":66,\"title\":\"자료2\",\"objectiveCount\":3,\"subjectiveCount\":3,\"high\":0,\"medium\":6,\"low\":0},{\"EM_id\":68,\"title\":\"444\",\"objectiveCount\":3,\"subjectiveCount\":3,\"high\":0,\"medium\":6,\"low\":0}]',1235,'2024-11-26 11:01:14','첫 번째 모의고사입니다!'),(17,'222','[{\"EM_id\":67,\"title\":\"자료3\",\"objectiveCount\":7,\"subjectiveCount\":6,\"high\":3,\"medium\":10,\"low\":0},{\"EM_id\":66,\"title\":\"자료2\",\"objectiveCount\":3,\"subjectiveCount\":3,\"high\":0,\"medium\":6,\"low\":0}]',1235,'2024-11-27 06:19:00','222'),(18,'333','[{\"EM_id\":59,\"title\":\"자료1\",\"objectiveCount\":4,\"subjectiveCount\":4,\"high\":0,\"medium\":8,\"low\":0},{\"EM_id\":67,\"title\":\"자료3\",\"objectiveCount\":7,\"subjectiveCount\":6,\"high\":3,\"medium\":10,\"low\":0}]',1235,'2024-11-27 06:19:14','333'),(19,'테스트용','[{\"EM_id\":59,\"title\":\"자료1\",\"objectiveCount\":4,\"subjectiveCount\":4,\"high\":0,\"medium\":8,\"low\":0},{\"EM_id\":66,\"title\":\"자료2\",\"objectiveCount\":3,\"subjectiveCount\":3,\"high\":0,\"medium\":6,\"low\":0}]',1235,'2024-11-27 14:31:54','테스트용입니다!'),(21,'123123','[{\"EM_id\":59,\"title\":\"자료1\",\"objectiveCount\":4,\"subjectiveCount\":4,\"high\":0,\"medium\":8,\"low\":0},{\"EM_id\":66,\"title\":\"자료2\",\"objectiveCount\":3,\"subjectiveCount\":3,\"high\":0,\"medium\":6,\"low\":0}]',1235,'2024-11-28 02:21:19','123123'),(23,'test2','[{\"EM_id\":79,\"title\":\"test1\",\"objectiveCount\":4,\"subjectiveCount\":4,\"high\":2,\"medium\":4,\"low\":2},{\"EM_id\":81,\"title\":\"test2\",\"objectiveCount\":1,\"subjectiveCount\":1,\"high\":0,\"medium\":2,\"low\":0}]',1235,'2024-11-28 15:37:20','test'),(24,'모의고사 A','[{\"EM_id\":94,\"title\":\"데이터베이스설계 자료 A\",\"objectiveCount\":2,\"subjectiveCount\":2,\"high\":0,\"medium\":4,\"low\":0},{\"EM_id\":96,\"title\":\"웹프레임워크1 자료 A\",\"objectiveCount\":2,\"subjectiveCount\":2,\"high\":4,\"medium\":0,\"low\":0},{\"EM_id\":91,\"title\":\"시스템프로그래밍 자료 A\",\"objectiveCount\":2,\"subjectiveCount\":2,\"high\":0,\"medium\":4,\"low\":0}]',1246,'2024-11-28 17:04:46','첫 번째 모의고사입니다!'),(25,'1회 모의고사','[{\"EM_id\":101,\"title\":\"시스템 프로그래밍\",\"objectiveCount\":6,\"subjectiveCount\":6,\"high\":0,\"medium\":12,\"low\":0}]',1247,'2024-11-29 01:54:17','시스템 프로그래밍'),(26,'test','[{\"EM_id\":92,\"title\":\"시스템프로그래밍 자료 A\",\"objectiveCount\":2,\"subjectiveCount\":2,\"high\":4,\"medium\":0,\"low\":0},{\"EM_id\":93,\"title\":\"시스템프로그래밍 자료 B\",\"objectiveCount\":2,\"subjectiveCount\":2,\"high\":0,\"medium\":0,\"low\":4}]',1246,'2024-11-29 03:03:35','test'),(31,'시스템 프로그래밍 자료A','[{\"EM_id\":92,\"title\":\"시스템프로그래밍 자료 A\",\"objectiveCount\":8,\"subjectiveCount\":8,\"high\":16,\"medium\":0,\"low\":0}]',1246,'2024-11-29 05:03:04','소켓 프로그래밍 기초'),(32,'22','[{\"EM_id\":92,\"title\":\"시스템프로그래밍 자료 A\",\"objectiveCount\":9,\"subjectiveCount\":9,\"high\":16,\"medium\":0,\"low\":0}]',1246,'2024-11-29 05:10:59','22'),(33,'ㅕㅛㅕㅛ','[{\"EM_id\":97,\"title\":\"웹프레임워크1 자료 B\",\"objectiveCount\":2,\"subjectiveCount\":2,\"high\":0,\"medium\":0,\"low\":4},{\"EM_id\":98,\"title\":\"가상현실 자료\",\"objectiveCount\":4,\"subjectiveCount\":4,\"high\":0,\"medium\":8,\"low\":0}]',1246,'2024-11-29 06:05:43','ㅑㅕㅑㅕ'),(34,'test3','[{\"EM_id\":96,\"title\":\"웹프레임워크1 자료 A\",\"objectiveCount\":2,\"subjectiveCount\":2,\"high\":4,\"medium\":0,\"low\":0},{\"EM_id\":94,\"title\":\"데이터베이스설계 자료 A\",\"objectiveCount\":5,\"subjectiveCount\":5,\"high\":0,\"medium\":10,\"low\":0}]',1246,'2024-11-29 07:20:19','test');
/*!40000 ALTER TABLE `MockExams` ENABLE KEYS */;
UNLOCK TABLES;

--
-- Table structure for table `Questions`
--

DROP TABLE IF EXISTS `Questions`;
/*!40101 SET @saved_cs_client     = @@character_set_client */;
/*!50503 SET character_set_client = utf8mb4 */;
CREATE TABLE `Questions` (
  `Q_id` int NOT NULL AUTO_INCREMENT,
  `User_id` int NOT NULL,
  `EM_id` int DEFAULT NULL,
  `Q_type` varchar(20) NOT NULL,
  `Q_content` text NOT NULL,
  `Q_options` text,
  `Q_answer` text NOT NULL,
  `Q_created` timestamp NULL DEFAULT CURRENT_TIMESTAMP,
  `Q_bookmark` tinyint DEFAULT '0',
  `Q_explanation` text,
  `Q_difficulty` varchar(10) NOT NULL DEFAULT 'normal',
  `Question_Number` int DEFAULT NULL,
  `Material_Title` varchar(255) DEFAULT NULL,
  PRIMARY KEY (`Q_id`),
  KEY `User_id` (`User_id`),
  KEY `fk_material` (`EM_id`),
  CONSTRAINT `fk_material` FOREIGN KEY (`EM_id`) REFERENCES `EduMaterial` (`EM_id`) ON DELETE CASCADE,
  CONSTRAINT `Questions_ibfk_1` FOREIGN KEY (`User_id`) REFERENCES `User` (`User_id`),
  CONSTRAINT `Questions_ibfk_2` FOREIGN KEY (`EM_id`) REFERENCES `EduMaterial` (`EM_id`)
) ENGINE=InnoDB AUTO_INCREMENT=212 DEFAULT CHARSET=utf8mb4 COLLATE=utf8mb4_0900_ai_ci;
/*!40101 SET character_set_client = @saved_cs_client */;

--
-- Dumping data for table `Questions`
--

LOCK TABLES `Questions` WRITE;
/*!40000 ALTER TABLE `Questions` DISABLE KEYS */;
INSERT INTO `Questions` VALUES (56,1235,59,'객관식','유현서가 2024년 2학기 컴퓨터프로그래밍 12주차 Programming 과제에서 작성한 프로그램의 한 기능은 무엇은 아닌가?','[\"문자열을 역순으로 출력\",\"특정한 문자의 개수 세기\",\"단어의 개수를 계산\",\"문자열에서 숫자만 삭제\"]','4','2024-11-22 04:07:48',0,'텍스트 내용에 따르면, 유현서는 문자열을 역순으로 출력하고, 특정한 문자의 개수를 세고, 단어의 개수를 세는 프로그램을 작성한다, 텍스트에는 문자열에서 숫자만 삭제하는 프로그램을 작성하는 내용은 없다.','normal',NULL,NULL),(57,1235,59,'주관식','유현서가 작성한 프로그램 중에서 긍정/부정 을 판단하는 함수에서 긍정을 의미하는 문자열로 가정한 것은 무엇인가?','null','\"YES\", \"Yes\", \"yes\", \"OK, \"ok\"','2024-11-22 04:07:48',0,'텍스트에 따르면, 유현서의 프로그램에서 긍정을 의미하는 문자열은 “YES”, “Yes”, “yes”, “OK, “ok”임을 알 수 있다.','normal',NULL,NULL),(58,1235,59,'객관식','2024년 2학기 컴퓨터프로그래밍 12주차 Programming 과제에서 작성해야 하는 프로그램 중 문자열에서 사용자가 지정하는 문자를 삭제하는 프로그램을 작성하는 것이 몇 번째 과제인지 선택하시오.','[\"1번 과제\",\"3번 과제\",\"5번 과제\",\"7번 과제\"]','2','2024-11-22 05:28:25',1,'문서를 참조하면 3번째 과제에서 문자열에서 사용자가 지정하는 문자를 삭제하는 프로그램을 작성하라고 명시되어 있습니다.','normal',NULL,NULL),(59,1235,59,'객관식','다음 중 2024년 2학기 컴퓨터프로그래밍 12주차 Programming 과제에서 작성하는 프로그램의 기능을 올바르게 나열한 것은?','[\"문자열 역순 출력, 문자열 공백 삭제, 지정 문자 삭제\",\"문자열 빈도 계산, 알파벳 개수 출력, 특수문자 개수 출력\",\"사용자 질문에 대한 긍정/부정 반환, 단어 개수 계산, 패스워드 입력 시 \'*\' 문자 표시\",\"모두\"]','4','2024-11-22 05:28:25',0,'문서를 참조하면 모든 옵션에 기재된 프로그램들이 이번 과제의 일부입니다.','normal',NULL,NULL),(60,1235,59,'객관식','긍정과 부정을 판단하는 함수 \'get_response\'에서 긍정을 의미하는 문자열로 사용되지 않는 것은?','[\"YES\",\"ok\",\"maybe\",\"Yes\"]','3','2024-11-22 05:28:25',0,'문서에 따르면, 긍정을 의미하는 문자열은 \'YES\', \'Yes\', \'yes\', \'OK\', \'ok\'로, \'maybe\'는 포함되지 않습니다.','normal',NULL,NULL),(61,1235,59,'주관식','작성한 프로그램의 기능 중, 문자열 안에 포함된 특정한 문자의 개수를 세는 함수는 어떻게 명명되었는가?','null','str_촉','2024-11-22 05:28:25',0,'문서에 따르면 함수의 이름은 \'str_촉\' 입니다.','normal',NULL,NULL),(62,1235,59,'주관식','유현서 학생이 2024년 2학기에 컴퓨터프로그래밍 수업에서 작성해야하는 마지막 프로그램의 주제는 무엇인가?','null','회문 판별','2024-11-22 05:28:25',0,'문서에 따르면 12번째 과제로 \'회문 여부를 판별하여 그 결과를 화면에 출력하는 프로그램\'을 작성하는 것입니다.','normal',NULL,NULL),(63,1235,59,'주관식','프로그램에서 반환 값을 제시하고 답변을 받는 방식의 함수는 무엇인가?','null','get_response','2024-11-22 05:28:25',0,'문서에 따르면 \'get_response\' 함수는 긍정이면 1을 반환하고 부정이면 0을 반환합니다.','normal',NULL,NULL),(64,1235,66,'객관식','2024년 2학기에 어떤 과제가 있었나요?','[\"수학 과제\",\"영어 과제\",\"컴퓨터 프로그래밍 과제\",\"역사 과제\"]','3','2024-11-23 14:05:23',0,'텍스트에 따르면 2024년 2학기에는 \'컴퓨터프로그래밍\' 과제가 있었습니다.','normal',NULL,NULL),(65,1235,66,'객관식','컴퓨터 프로그래밍 과제의 주차는 언제인가요?','[\"1주차\",\"5주차\",\"11주차\",\"15주차\"]','3','2024-11-23 14:05:23',0,'텍스트에 따르면 컴퓨터 프로그래밍 과제는 \'11주차\'에 있었습니다.','normal',NULL,NULL),(66,1235,66,'객관식','과제 제출물은 무엇인가요?','[\"코드 및 주석\",\"실행결과 캡쳐본\",\"보고서\",\"코드 및 주석, 실행결과 캡쳐본\"]','4','2024-11-23 14:05:23',0,'텍스트에 따르면 과제 제출물은 \'코드 및 주석\'과 \'실행결과 캡쳐본\' 입니다.','normal',NULL,NULL),(67,1235,66,'주관식','과제를 수행한 학기를 정확히 기술하세요.','null','2024년 2학기','2024-11-23 14:05:23',0,'텍스트에 따르면 과제를 수행한 학기는 \'2024년 2학기\' 입니다.','normal',NULL,NULL),(68,1235,66,'주관식','해당 과제의 과목명을 기술하세요.','null','컴퓨터프로그래밍','2024-11-23 14:05:23',0,'과제는 \'컴퓨터프로그래밍\' 과목에서 주어졌습니다.','normal',NULL,NULL),(69,1235,66,'주관식','해당 과제가 진행된 주차를 기술하세요.','null','11주차','2024-11-23 14:05:23',0,'해당 과제는 \'11주차\'에 진행되었습니다.','normal',NULL,NULL),(79,1235,67,'주관식','가짜 데이터라고 하는 이유는 무엇인가?','null','웹 서비스에서는 데이터는 백엔드의 데이터베이스에 저장하거나 데이터베이스에서 가져오기 때문이다.','2024-11-23 14:51:33',0,'일반적으로 웹 서비스는 실제 데이터를 백엔드의 데이터베이스에 저장하고, 필요할 때 그 데이터를 가져와 사용합니다. 그러나 이 튜토리얼에서는 백엔드가 없으므로 예시를 위해서 가짜 데이터를 만들어 사용하고 있습니다. 이럴 때 가짜 데이터라고 부릅니다.','normal',NULL,NULL),(80,1235,67,'객관식','미니블로그 만들기 과정에서 쓰이는 Path 기능과 Navigate 기능에 대한 말로 틀린 것은?','[\"Path 기능을 통해 라우팅 경로를 구성할 수 있다.\",\"Navigate 기능을 통해 화면간 이동을 할 수 있다.\",\"Path 기능을 통해 동적으로 변화하는 파라미터 값을 알 수 있다.\",\"Navigate 기능을 통해 라우팅 경로를 구성할 수 있다.\"]','4','2024-11-23 14:59:21',0,'Navigate 기능은 라우팅 경로를 구성하는 기능이 아니라 화면간 이동하는 기능이다. 반면에 Path 기능을 통해 라우팅 경로를 구성할 수 있다.','어려움',NULL,NULL),(81,1235,67,'객관식','다음 중 미니 블로그 기획하기 과정에서 필요한 컴포넌트가 아닌 것은?','[\"PostWritePage\",\"MainPage\",\"PostViewPage\",\"DashboardPage\"]','4','2024-11-23 14:59:21',0,'미니블로그 기획에서 필요한 컴포넌트는 PostWritePage, MainPage, PostViewPage 이다. DashboardPage는 미니블로그에 필요한 컴포넌트가 아니다.','어려움',NULL,NULL),(82,1235,67,'주관식','SPA의 의미는 무엇인가?','null','Single Page Application','2024-11-23 14:59:21',0,'SPA는 Single Page Application의 약자로, 즉 단일 페이지 어플리케이션이다. 이는 하나의 HTML 파일이 전체 페이지를 구성하는 방식을 의미한다.','어려움',NULL,NULL),(90,1235,79,'객관식','이 코드에서 프로그램이 사용할 공유 메모리를 생성하는 명령어는 무엇인가요?','[\"key = ftok(\\\"shmfile\\\", 1);\",\"shmid = shmget(key, 1024, IPC_CREAT|0666);\",\"shmaddr = shmat(shmid, NULL, 0);\",\"shmctl(shmid, IPC_RMID, NULL);\"]','2','2024-11-28 15:02:55',1,'shmget() 함수는 공유 메모리를 생성하는 명령어입니다. 이 함수는 key 를 이용해 찾은 기존의 공유메모리 ID가 없을 경우, size 크기의 새로운 공유메모리를 생성하고 그 ID를 반환합니다.','중간',1,'test1'),(91,1235,79,'객관식','이 코드에서 signal에 대한 핸들러를 설정하는 부분은 어디인가요?','[\"key = ftok(\\\"shmfile\\\", 1);\",\"shmid = shmget(key, 1024, IPC_CREAT|0666);\",\"signal(SIGUSR1, handler);\",\"strcpy(buf, shmaddr);\"]','3','2024-11-28 15:02:55',1,'signal() 함수는 신호(SIGUSR1)에 대한 핸들러를 설정하는 함수입니다. 여기서는 handler라는 함수를 핸들러로 설정했습니다.','중간',2,'test1'),(92,1235,79,'주관식','이 프로그램의 작동 방식을 간단히 설명하세요.','null','이 프로그램은 일련의 신호와 메시지를 이용해 상호작용하는 공유 메모리 프로그램입니다. 프로그램은 먼저 시스템에 공유 메모리를 생성하고, SIGUSR1 신호의 핸들러를 설정합니다. 그런 다음 프로그램은 다른 프로세스가 신호를 보낼 때까지 대기하고, 신호를 받으면 공유 메모리에서 메시지를 읽고 응답을 보냅니다.','2024-11-28 15:02:55',0,'이러한 상호작용 방식은 프로세스 간의 통신에서 일반적으로 볼 수 있습니다. 공유 메모리는 여러 프로세스에서 동시에 액세스할 수 있는 메모리 영역을 제공하며, 신호는 프로세스 간에 특정 이벤트를 알리는 데 사용합니다.','중간',3,'test1'),(93,1235,79,'주관식','공유 메모리 영역에서 \'Have a nice day\\n\' 문자열을 보냈을때, 받은 후에 이 문자열을 공유 메모리에 다시 쓰는 코드를 작성하세요.','null','strcpy(shmaddr, \"Have a nice day\\n\");','2024-11-28 15:02:55',1,'strcpy 함수를 사용하여 공유 메모리 주소인 shmaddr에 문자열을 복사합니다.','중간',4,'test1'),(94,1235,79,'객관식','다음의 코드에서 기본적으로 실행되는 handler() 함수의 역할은 무엇인가?','[\"SIGUSR1 시그널을 처리하기 위한 기능을 수행한다.\",\"SIGUSR1 시그널을 제외한 모든 시그널을 막는다.\",\"시그널을 받지 않도록 한다.\",\"시그널을 받아 처리 작업을 수행한 후 다음 코드를 실행한다.\"]','1','2024-11-28 15:32:18',0,'이 경우의 handler() 함수는 빈 함수로, SIGUSR1 시그널이 발생했을 때 아무런 기능을 수행하지 않는다. 그러나 이 함수가 존재함으로써 SIGUSR1 시그널이 발생하면 이 함수가 호출되며 이를 통해 시그널을 처리하는 것으로 간주된다.','어려움',5,'test1'),(95,1235,79,'주관식','위의 코드에서 사용된 ftok의 역할은 무엇인가?','null','키 생성','2024-11-28 15:32:18',0,'ftok 함수는 파일 경로와 프로젝트 id를 인자로 받아 고유한 키 값을 생성한다. 이 키는 공유 메모리 또는 세마포어 같은 IPC 객체를 생성하거나 접근할 때 사용된다.','어려움',6,'test1'),(96,1235,79,'객관식','해당 코드에서 shmaddr이 복사되는 코드의 함수는 무엇인가요?','[\"buf\",\"key\",\"ftok\",\"strcpy\"]','4','2024-11-28 15:32:51',0,'코드에서 shmaddr이 본체할 내용을 복사하는 함수는 strcpy입니다.','쉬움',7,'test1'),(97,1235,79,'주관식','해당 코드에서 사용된 shared memory key 생성 함수 이름은 무엇인가요?','null','ftok','2024-11-28 15:32:51',0,'코드에서 shared memory의 키를 생성하는 함수는 ftok입니다.','쉬움',8,'test1'),(98,1235,81,'객관식','주어진 코드에서 공유 메모리를 삭제하는 라인번호는 무엇인가?','[\"32\",\"29\",\"24\",\"21\"]','1','2024-11-28 15:36:40',0,'shmdt는 공유메모리를 프로세스에서 분리하는 함수이고, shmctl는 공유 메모리를 제어하는 함수로 IPC_RMID 옵션을 사용하여 공유메모리를 삭제할 수 있습니다. 이 코드에서는 32번째 줄에서 이를 실행합니다.','중간',1,'test2'),(99,1235,81,'주관식','주어진 코드에서 신호를 핸들링하는 핸들러의 이름은 무엇인가?','null','handler','2024-11-28 15:36:40',0,'기본적인 신호는 핸들러 함수를 통해 처리되며, 이 코드에서는 \'handler\'라는 이름의 함수를 통해 이를 처리합니다.','중간',2,'test2'),(104,1235,84,'객관식','TCP/IP 프로토콜의 계층 구성에 대한 설명 중 틀린 것을 고르세요.','[\"TCP/IP는 OSI 7계층 보다 한 단계 적은 5개의 계층으로 구성된다.\",\"하드웨어 계층과 네트워크 접속 계층을 하나로 묶어서 4개의 계층으로 구분하기도 한다.\",\"전송 계층은 데이터를 주고 받는 속도를 조절하며, 패킷의 전송을 담당하는 계층이다.\",\"네트워크 계층은 패킷의 전송을 담당하는 계층이다.\"]','4','2024-11-28 16:41:15',0,'네트워크 계층은 패킷이 전달되는 경로를 담당하는 계층입니다. 패킷의 전송을 담당하는 계층은 전송 계층이며, 이 계층에서는 TCP와 UDP 프로토콜이 주로 사용됩니다.','중간',1,'시스템프로그래밍 자료 A'),(105,1235,84,'객관식','TCP와 UDP에 대한 설명으로 올바르지 않은 것은?','[\"TCP는 데이터를 주고받기 전에 송신 측과 수신 측이 연결되어 있어야 한다.\",\"TCP는 데이터를 주고받는 속도를 조절해 통신 효율이 떨어지거나 데이터가 손실되는 일을 방지할 수 있다.\",\"UDP는 사전에 목적지와 연결을 설정하지 않고 상대방이 데이터를 제대로 수신했는지 확인하지 않는다.\",\"UDP는 중도에 데이터가 분실되더라도 재전송을 시도하여 이를 보완한다.\"]','4','2024-11-28 16:41:15',0,'UDP는 비연결형 프로토콜로, 중도에 데이터가 분실되어도 재전송을 시도하지 않고, 단순히 목적지 주소를 지정하여 네트워크로 전송합니다. 따라서 신뢰성 보다는 속도가 중요한 서비스에 주로 이용됩니다.','중간',2,'시스템프로그래밍 자료 A'),(106,1235,84,'주관식','호스트명과 도메인명을 관리하는 시스템은 무엇인가?','null','DNS','2024-11-28 16:41:15',0,'DNS(Domain Name System)는 호스트명과 도메인명을 관리하는 시스템이다.','중간',3,'시스템프로그래밍 자료 A'),(107,1235,84,'주관식','TCP/IP 프로토콜 구성 계층 중에 서비스를 제공하기 위한 계층은 무엇인가?','null','응용 계층','2024-11-28 16:41:15',0,'TCP/IP 프로토콜 구조에서 사용자에게 서비스를 제공하는 계층은 \'응용 계층\'입니다. 이곳에서는 사용자가 직접 볼 수 있는 응답을 처리합니다','중간',4,'시스템프로그래밍 자료 A'),(108,1235,85,'객관식','getservbyport() 함수는 포트 번호를 인자로 받아 데이터베이스에서 해당 항목을 검색하는 역할을 합니다. 두 번째 인자인 proto에는 어떤 값을 지정할 수 있나요?','[\"“tcp”나“udp” 또는 NULL\",\"“http”나“udp” 또는 NULL\",\"“tcp”나“ip” 또는 NULL\",\"“http”나“ip” 또는 NULL\"]','1','2024-11-28 16:44:06',0,'getservbyport() 함수의 두 번째 인자인 proto에는 “tcp”나“udp” 또는NULL을 지정할 수 있습니다. 이는 TCP, UDP 또는 NULL 값을 받을 수 있다는 것을 나타냅니다.','어려움',1,'시스템프로그래밍 자료 B'),(109,1235,85,'객관식','네트워크를 이용한 통신에서 바이트 순서가 중요하다 이유는?','[\"데이터치가 높아짐\",\"컴퓨터마다 바이트를 저장하는 순서가 다르기 때문\",\"데이터 보안이 향상됨\",\"데이터 속도가 빨라짐\"]','2','2024-11-28 16:44:06',0,'컴퓨터는 바이트를 저장하는 순서가 다릅니다. 그래서 바이트 순서를 하나로 제약하는 것이 중요한 이유는 데이터를 보내는 컴퓨터와 받는 컴퓨터의 정수 저장 방식이 다르면 같은 값을 서로 다르게 해석할 수 있기 때문입니다. ','어려움',2,'시스템프로그래밍 자료 B'),(110,1235,85,'주관식','socket() 함수가 성공하면 무엇을 반환하나요?','null','소켓 기술자','2024-11-28 16:44:06',0,'socket() 함수가 성공하면 소켓 기술자가 생성되어 이를 반환합니다. 실패하면 -1을 리턴합니다.','어려움',3,'시스템프로그래밍 자료 B'),(111,1235,85,'주관식','문자열 형태의 IP 주소를 이진값으로 변환하는 함수는 무엇인가요?','null','inet_addr()','2024-11-28 16:44:06',0,'inet_addr() 함수는 문자열 형태의 IP 주소를 이진값으로 변환하여 리턴합니다.','어려움',4,'시스템프로그래밍 자료 B'),(112,1235,86,'객관식','sendto(2) 함수를 사용하는 시스템의 주소 정보가 저장되는 곳은 어디인가요?','[\"src_addr\",\"sin.sin_addr.s_addr\",\"inet_addr\",\"(struct sockaddr *)&sin\"]','1','2024-11-28 16:46:15',0,'sendto(2) 함수는 주로 IP 주소로 데이터를 전송하는 데 사용되며, 데이터를 전송하는 시스템의 주소 정보는 src_addr에 저장됩니다.','쉬움',1,'시스템프로그래밍 자료 C'),(113,1235,86,'객관식','서버 측에서 사용하는 첫 번째 소켓 인터페이스 함수는 무엇인가요?','[\"send()\",\"recv()\",\"socket()\",\"connect()\"]','3','2024-11-28 16:46:15',0,'서버 측에서는 socket() 함수를 통해 먼저 소켓을 생성합니다.','쉬움',2,'시스템프로그래밍 자료 C'),(114,1235,86,'주관식','AF_INET을 사용하여 소켓을 생성하는 명령어는 무엇인가요?','null','socket(AF_INET, SOCK_STREAM, 0)','2024-11-28 16:46:15',0,'AF_INET은 인터넷 프로토콜을 사용하여 소켓을 생성하는 명령어는 \'socket(AF_INET, SOCK_STREAM, 0)\' 입니다.','쉬움',3,'시스템프로그래밍 자료 C'),(115,1235,86,'주관식','recvfrom() 함수에서 실제로 읽어온 데이터의 바이트 수는 어떻게 확인할 수 있나요?','null','리턴 값으로 확인','2024-11-28 16:46:15',0,'recvfrom() 함수의 리턴 값은 실제로 읽어온 데이터의 바이트 수입니다.','쉬움',4,'시스템프로그래밍 자료 C'),(116,1235,87,'객관식','데이터베이스를 구축하는 두 가지 방법은 무엇인가?','[\"SQL을 이용한 방법과 역공학 방법\",\"역공학 방법과 도구를 이용한 방법\",\"SQL을 이용한 방법과 도구를 이용한 방법\",\"역공학 방법과 SQL을 이용한 방법\"]','3','2024-11-28 16:48:02',0,'이 텍스트에 따르면, 물리적 ERD가 완성되고 데이터베이스를 구축하기 위해 \'SQL을 직접 작성하는 수작업\'과 \'모델링 도구를 이용하는 방법\' 이 있다고 되어 있습니다.','중간',1,'데이터베이스설계 자료 A'),(117,1235,87,'객관식','데이터베이스 보안 관리에서 \'역할\'이란 무엇인가?','[\"사용자의 직책이나 직위를 나타낸다\",\"사용자가 수행하는 일을 나타낸다\",\"데이터베이스의 컬럼을 나타낸다\",\"오브젝트들의 목록을 보는 것\"]','1','2024-11-28 16:48:02',0,'데이터베이스에서 \'역할\'이란, 사용자들의 직책이나 직위를 나타내고, 이를 통해 권한 관리를 용이하게 합니다.','중간',2,'데이터베이스설계 자료 A'),(118,1235,87,'주관식','12장에서 논의된 데이터베이스의 보안 기능 중 하나를 적으세요.','null','사용자 계정의 생성','2024-11-28 16:48:02',0,'12장에서 논의된 DBMS의 보안 기능 중 한 가지는 \'사용자 계정의 생성\'입니다.','중간',3,'데이터베이스설계 자료 A'),(119,1235,87,'주관식','데이터베이스를 구축하는 수작업에 의한 방법에 대해 설명해 주세요.','null','DBMS에서 제공하는 SQL 입력 화면을 통해 직접 SQL 문을 작성하여 테이블, 뷰, 인덱스 등을 생성하는 방법','2024-11-28 16:48:02',0,'수작업에 의한 구축이란 DBMS에서 제공하는 SQL 입력 화면을 통해 직접 SQL 문을 생성함으로써 테이블, 뷰, 인덱스 등을 생성하는 방법을 의미합니다.','중간',4,'데이터베이스설계 자료 A'),(120,1235,90,'객관식','속성에 대응하는 컬럼에 대한 데이터 타입과 길이를 의미하는 것은 무엇인가?','[\"데이터베이스\",\"엔티티\",\"도메인\",\"모델링\"]','3','2024-11-28 16:53:37',0,'도메인은 속성에 대응하는 컬럼에 대한 데이터 타입과 길이를 의미합니다.','어려움',1,'데이터베이스설계 자료 B'),(121,1235,90,'객관식','교수님은 ERD 도구에서 도메인을 작성하는 기능을 비롯한 어떤 컨텐츠를 제공하셨나요?','[\"데이터베이스 개요\",\"속성 검증\",\"도메인의 생성\",\"ERD 통합\"]','3','2024-11-28 16:53:37',0,'교수님이 제공한 컨텐츠 중 하나는 \'erwin\'이라는 모델링 도구에서 도메인을 작성하는 기능입니다.','어려움',2,'데이터베이스설계 자료 B'),(122,1235,90,'주관식','도메인이 뭐라고 정의되었나요?','null','엔티티의 속성들이 갖을 수 있는 값들의 집합','2024-11-28 16:53:37',0,'도메인은 \'엔티티의 속성들이 갖을 수 있는 값들의 집합\'으로 정의되었습니다.','어려움',3,'데이터베이스설계 자료 B'),(123,1235,90,'주관식','용어사전은 어떤 내용을 포함하나요?','null','논리적 데이터베이스 설계나 물리적 데이터베이스 설계 시 사용되는 용어들의 의미를 정의해 놓은 문서','2024-11-28 16:53:37',0,'용어사전은 논리적 데이터베이스 설계나 물리적 데이터베이스 설계 시 사용되는 용어들의 의미를 정의해 놓은 문서입니다.','어려움',4,'데이터베이스설계 자료 B'),(128,1246,92,'객관식','getservbyport() 함수의 두번째 인자인 proto에 어떤 값을 지정할 수 있는지 올바른 것을 고르시오.','[\"\'tcp\' 또는 \'udp\'\",\"\'http\'\",\"NULL\",\"위 모든 답\"]','4','2024-11-28 16:56:52',0,'getservbyport() 함수의 두번째 인자인 proto에는 \'tcp\'나 \'udp\' 또는 NULL을 지정할 수 있습니다.','어려움',1,'시스템프로그래밍 자료 B'),(129,1246,92,'객관식','TCP/IP에서 데이터를 전송할 때 어떤 엔디언을 사용하는가?','[\"빅 엔디언\",\"리틀 엔디언\",\"혼합 엔디언\",\"지정되지 않음\"]','1','2024-11-28 16:56:52',0,'TCP/IP에서는 데이터를 전송할 때 무조건 빅 엔디언을 사용하기로 결정 되어있습니다.','어려움',2,'시스템프로그래밍 자료 B'),(130,1246,92,'주관식','네트워크 바이트 순서(NBO)를 호스트 바이트 순서(HBO)로 변환하는 함수는 무엇인가?','null','ntohl(), ntohs()','2024-11-28 16:56:52',0,'ntohl() 함수는 32비트 NBO를 32비트 HBO로 변환하고, ntohs() 함수는 16비트 NBO를 16비트 HBO로 변환합니다.','어려움',3,'시스템프로그래밍 자료 B'),(131,1246,92,'주관식','TCP와 UDP를 사용할 것인지 지정할 때 사용하는 정의된 상수 두 가지는 무엇인가?','null','SOCK_STREAM, SOCK_DGRAM','2024-11-28 16:56:52',0,'소켓을 이용할 때 하부 프로토콜로 TCP를 사용할 것인지 UDP를 사용할 것인지 지정해야하는데 이때 SOCK_STREAM은 TCP를, SOCK_DGRAM은 UDP를 사용한다는 것을 나타내는 상수입니다.','어려움',4,'시스템프로그래밍 자료 B'),(132,1246,93,'객관식','\'recvfrom()\' 함수의 역할은 무엇인가요?','[\"UDP로 전달된 데이터를 수신하는 데 사용\",\"UDP로 전달된 데이터를 전송하는 데 사용\",\"TCP로 전달된 데이터를 수신하는 데 사용\",\"TCP로 전달된 데이터를 전송하는 데 사용\"]','1','2024-11-28 16:57:37',0,'recvfrom() 함수는 UDP 소켓에서 데이터를 수신하기 위한 함수입니다.','쉬움',1,'시스템프로그래밍 자료 C'),(133,1246,93,'객관식','소켓 인터페이스 함수의 호출 순서 중 클라이언트의 워크플로에 해당하지 않는 것은 어떤 것인가요?','[\"socket() 함수로 소켓 만들기\",\"connect() 함수로 서버와 연결 요청\",\"listen() 함수로 연결 요청 기다리기\",\"send(), recv() 함수로 데이터 주고 받기\"]','3','2024-11-28 16:57:37',1,'클라이언트는 서버에 연결하기 위해 listen() 함수 대신 connect() 함수를 사용합니다.','쉬움',2,'시스템프로그래밍 자료 C'),(134,1246,93,'주관식','sendto() 함수 예제에서 사용한 IP 주소는 무엇인가요?','null','192.168.10.1','2024-11-28 16:57:37',1,'sendto() 함수 예제에서는 \'192.168.10.1\' IP 주소로 데이터를 전송하고 있습니다.','쉬움',3,'시스템프로그래밍 자료 C'),(135,1246,93,'주관식','bind 오류가 발생했을 때 같이 출력되는 오류 메시지는 무엇인가요?','null','Address already in use','2024-11-28 16:57:37',1,'bind() 함수 호출시 이미 사용 중인 소켓 주소를 사용하려고 하면 \'Address already in use\' 오류 메시지가 출력됩니다.','쉬움',4,'시스템프로그래밍 자료 C'),(136,1246,94,'객관식','데이터베이스의 구축에 사용되는 두 가지 방법은 무엇인가?','[\"엔티티 정의와 업무 분석\",\"논리적 DB 설계와 물리적 DB 설계\",\"수작업에 의한 구축과 도구를 이용한 구축\",\"식별자/관계의 정의와 주식별자 정의\"]','3','2024-11-28 16:58:33',0,'데이터베이스의 구축은 수작업에 의한 구축과 도구를 이용한 구축의 두 가지 방법이 있다.','중간',1,'데이터베이스설계 자료 A'),(137,1246,94,'객관식','역공학(reverse engineering)에 대한 설명으로 옳지 않은 것은?','[\"이미 구축되어 있는 데이터베이스로부터 정보를 읽어 ERD를 그려준다.\",\"데이터베이스를 구축하는 작업의 일환이다.\",\"따라서 이미 구축되어있는 데이터베이스를 분석하는 데 활용된다.\",\"설계에서 DB 구축의 순서를 반대로 한다.\"]','2','2024-11-28 16:58:33',0,'역공학은 이미 구축된 데이터베이스로부터 정보를 추출하여 사용하는 과정으로, 데이터베이스를 구축하는 작업이 아니다.','중간',2,'데이터베이스설계 자료 A'),(138,1246,94,'주관식','모델링 도구를 사용하여 데이터베이스를 구축하는 방법을 무엇이라고 하는가?','null','도구에 의한 방법','2024-11-28 16:58:33',0,'데이터베이스를 직접 구축하는 것이 아니라, 이미 만들어진 모델링 도구를 이용하는 방법을 \'도구에 의한 방법\'이라고 한다.','중간',3,'데이터베이스설계 자료 A'),(139,1246,94,'주관식','데이터베이스 설계자가 사용자에 따라 접근을 제한할 수 있도록 설계하는 것이 중요한 이유는 무엇인가?','null','데이터의 보안을 유지하기 위해','2024-11-28 16:58:33',0,'데이터베이스에는 조직 전체의 정보가 통합적으로 관리되기 때문에, 권한이 있는 사용자가 저장된 모든 정보를 검색할 수 있으므로, 사용자에 따른 접근 제한이 필요하다.','중간',4,'데이터베이스설계 자료 A'),(140,1246,95,'객관식','도메인의 정의는 어떻게 되는가?','[\"속성에 대응하는 컬럼에 대한 데이터 타입(data type)과 길이를 의미하는 것\",\"데이터베이스 설계 단계에서 사용되는 용어들의 의미를 정의해 놓은 문서\",\"속성의 이름의 의미를 설명해 놓은 사전\",\"중복이 없는 데이터의 집합\"]','1','2024-11-28 16:59:48',0,'도메인은 속성에 대응하는 컬럼에 대한 데이터 타입(data type)과 길이를 의미하는 것으로 두 속성의 도메인이 같다는 말은 두 속성의 데이터 타입과 길이가 같다는 의미이다.','어려움',1,'데이터베이스설계 자료 B'),(141,1246,95,'객관식','용어사전의 정의는 무엇인가?','[\"논리적 데이터베이스 설계나 물리적 데이터베이스 설계 시 사용되는 용어들의 의미를 정의해 놓은 문서\",\"엔티티의 속성들이 갖을 수 있는 값들의 집합\",\"데이터베이스 설계 단계에서 사용되는 용어들의 의미를 정의해 놓은 문서\",\"중복이 없는 데이터의 집합\"]','1','2024-11-28 16:59:48',0,'용어사전은 논리적 데이터베이스 설계나 물리적 데이터베이스 설계 시 사용되는 용어들의 의미를 정의해 놓은 문서로 엔티티, 속성의 이름의 의미를 설명해 놓은 사전으로 동일한 의미의 용어를 설계자들이 서로 다르게 사용함으로 인한 혼란을 방지합니다.','어려움',2,'데이터베이스설계 자료 B'),(142,1246,95,'주관식','도메인을 정의하는 방법에는 어떤 단계들이 있나요?','null','각 엔티티에서 속성들을 모아 리스트를 만들고, 속성 이름이 여러 단어를 포함할 경우 분리한다. 그 후에 마지막 단어를 기준으로 정렬하고, 도메인을 정의한다. 도메인을 정의한 후에는 도메인만 모아 정리한다.','2024-11-28 16:59:48',0,'도메인을 정의하는 단계로는 속성들을 모으는 단계, 속성 이름 분리 단계, 정렬 단계, 도메인 정의 단계, 도메인 정리 단계가 있습니다.','어려움',3,'데이터베이스설계 자료 B'),(143,1246,95,'주관식','도메인이 잘 사용되지 않는 이유는 무엇인가?','null','도메인이 같은 속성이 많지 않고, 도메인 수가 속성의 수와 비슷하기 때문이다.','2024-11-28 16:59:48',0,'도메인이 잘 사용되지 않는 이유는 도메인이 같은 속성이 많지 않아 도메인을 만드는 것이 비효율적이라고 생각되고, 도메인의 수가 속성의 수와 비슷하여 도메인을 따로 만들지 않고 직접 데이터 타입을 지정하는 경우가 많기 때문입니다.','어려움',4,'데이터베이스설계 자료 B'),(144,1246,96,'객관식','아래 문장 중 블로그서버를 만드는데 사용 된 모듈은 무엇인가요?','[\"HTTP\",\"Express\",\"axois\",\"cors\"]','2','2024-11-28 17:01:57',1,'문서에 따르면 블로그 서버를 만드는데 Express 모듈이 사용되었습니다.','어려움',1,'웹프레임워크1 자료 A'),(145,1246,96,'객관식','2학년 2학기 웹 프로그램에서 배운 모듈은 무엇인가요?','[\"Express\",\"Axios\",\"Cors\",\"React\"]','1','2024-11-28 17:01:57',0,'문서에 따르면 2학년 2학기 웹 프로그래밍과목에서 Express 모듈을 배웠습니다.','어려움',2,'웹프레임워크1 자료 A'),(146,1246,96,'주관식','미니블로그와 BE 사이에 통신을 함으로써 얻을 수 있는 장점은 무엇인가요?','null','가짜 데이터 대신 실제 데이터를 사용할 수 있게 됩니다','2024-11-28 17:01:57',0,'17장에서는 FE만 있었는데 17장에서 BE를 구현하고 데이터를 BE에서 저장 및 조회함으로써 가짜 데이터 대신 실제 데이터를 사용할 수 있게 되었습니다.','어려움',3,'웹프레임워크1 자료 A'),(147,1246,96,'주관식','MainPage.jsx에서 웹 서버에서 데이터를 어떻게 가져오는지 설명하시오.','null','axios를 이용하여 웹 서버에서 get 요청하여 response를 받습니다.','2024-11-28 17:01:57',0,'41번 줄에서 url과 일치하는 웹 서버에서 get 요청하여 response를 받습니다. 웹 서버의 해당 코드는 server.js의 52번 줄에 있습니다.','어려움',4,'웹프레임워크1 자료 A'),(148,1246,97,'객관식','SPA가 HTML파일이 얼마나 포함하는지?','[\"HTML 파일이 하나\",\"HTML 파일이 두개\",\"HTML 파일이 세개\",\"HTML 파일의 수는 정해져 있지 않다.\"]','1','2024-11-28 17:03:26',0,'SPA (Single Page Application)로 개발된 웹사이트는 하나의 HTML만 포함하며, 필요한 페이지로 이동할 때 새로운 페이지를 불러오지 않고 현재 페이지를 동적으로 다시 작성해서 페이지를 교체하는 방식을 사용합니다.','쉬움',1,'웹프레임워크1 자료 B'),(149,1246,97,'객관식','MPA (Multi Page Application)와 SPA (Single Page Application) 중 어떤 방식이 서버로부터 필요한 페이지를 그때그때 전달 받는 것을 기반으로 하는지?','[\"SPA\",\"MPA\",\"둘 다\",\"둘 다 아님\"]','2','2024-11-28 17:03:26',0,'MPA (Multi Page Application)에서 브라우저는 사용자가 사이트에서 이동할 때마다, 새로운 페이지를 서버로부터 전달 받습니다.','쉬움',2,'웹프레임워크1 자료 B'),(150,1246,97,'주관식','홈페이지의 경로는 무엇인가요?','null','/','2024-11-28 17:03:26',0,'path가 홈페이지는 \'/\' 입니다.','쉬움',3,'웹프레임워크1 자료 B'),(151,1246,97,'주관식','리액트는 어떤 파일을 렌더링하나요?','null','index.js','2024-11-28 17:03:26',0,'리액트 어플리케이션은 index.js 파일을 렌더링합니다.','쉬움',4,'웹프레임워크1 자료 B'),(152,1246,98,'객관식','메타 퀘스트를 PC와 연결하기 위해 필요한 장비는 무엇인가?','[\"잉크 케이블\",\"링크 케이블\",\"유니티 3D\",\"Meta XR\"]','2','2024-11-28 17:07:58',0,'오큘러스 퀘스트는 독립형 플랫폼으로 PC와 연결하여 개발 및 실행하기 위해서는 링크 케이블이 필요합니다.','중간',1,'가상현실 자료'),(153,1246,98,'객관식','객체를 불러올 수 있는 메타 퀘스트의 기능은 무엇인가?','[\"Spawn Positions\",\"Anchor Prefab Spawner\",\"Effect Mesh\",\"Physical Space\"]','2','2024-11-28 17:07:58',0,'Anchor Prefab Spawner는 룸 모델 메시를 다른 객체로 대체하는 기능을 가지고 있습니다.','중간',2,'가상현실 자료'),(154,1246,98,'주관식','Meta Quest를 사용하여 개발을 시작하려면 어떤 애플리케이션을 설치해야 하는가?','null','Meta Horizon','2024-11-28 17:07:58',0,'스마트폰에 Meta Horizon 앱을 설치 후 페어링해야 메타 퀘스트 사용이 가능합니다.','중간',3,'가상현실 자료'),(155,1246,98,'주관식','Meta Quest에서 사용하는 XR 플러그인 관리를 어디에서 확인할 수 있는가?','null','Project Settings','2024-11-28 17:07:58',1,'Project Settings에서 XRPlugin Management 항목을 통해 XR 플러그인 관리를 확인할 수 있습니다.','중간',4,'가상현실 자료'),(156,1246,98,'객관식','메타퀘스트를 설정하는 과정에서 스마트폰에 어떤 앱을 설치해야 하는가?','[\"Meta XR\",\"Meta Horizon\",\"Oculus Setup\",\"Unity\"]','2','2024-11-28 17:07:59',0,'메타퀘스트를 설정하는 과정에서 스마트폰에는 Meta Horizon 앱을 설치해야 합니다.','중간',5,'가상현실 자료'),(157,1246,98,'객관식','Meta XRAll-in-One SDK in Unity에서 사용하는 관리 도구의 이름은 무엇인가?','[\"XRPlugin Management\",\"Project Setup Tool\",\"Meta Icon\",\"Building Blocks\"]','1','2024-11-28 17:07:59',0,'Meta XRAll-in-One SDK in Unity에서는 XRPlugin Management 도구를 사용하여 설정을 관리합니다.','중간',6,'가상현실 자료'),(158,1246,98,'주관식','오큘러스 퀘스트를 PC와 연결하여 개발하고 실행하기 위해서 필요한 것은 무엇인가?','null','링크 케이블','2024-11-28 17:07:59',0,'오큘러스 퀘스트는 독립형 플랫폼으로 PC와 연결하여 개발하고 실행하기 위해서는 링크 케이블이 필요합니다.','중간',7,'가상현실 자료'),(159,1246,98,'주관식','Unity에서 메타퀘스트의 설정 중 일부를 변경할 때 필요한 메뉴는 무엇인가?','null','베타','2024-11-28 17:07:59',1,'Unity에서 메타퀘스트의 설정 중 일부를 변경할 때에는 \'설정\' 메뉴에서 \'베타\'를 선택하여 변경할 수 있습니다.','중간',8,'가상현실 자료'),(160,1247,101,'객관식','메인보드의 SATA 0번 슬롯에는 얼마나 많은 SATA 장치를 장착 할 수 있습니까?','[\"30개\",\"60개\",\"90개\",\"120개\"]','1','2024-11-29 01:53:04',0,'각 메인보드의 SATA 0번 슬롯에는 각각 30개의 SATA 장치를 장착할 수 있습니다.','중간',1,'시스템 프로그래밍'),(161,1247,101,'객관식','처음 장착된 SCSI 디스크를 무엇이라 부르나요?','[\"/dev/sda\",\"/dev/sdb\",\"/dev/sdc\",\"/dev/sdd\"]','1','2024-11-29 01:53:04',0,'처음 장착된 SCSI 디스크를 /dev/sda라 부릅니다.','중간',2,'시스템 프로그래밍'),(162,1247,101,'주관식','디스크 추가 후 추가된 디스크의 이름은 무엇인가요?','null','/dev/sdb','2024-11-29 01:53:04',0,'디스크를 추가하면 추가된 디스크의 이름은 /dev/sdb입니다.','중간',3,'시스템 프로그래밍'),(163,1247,101,'주관식','사용자에게 공간을 할당하는 개념을 무엇이라 하는가요?','null','쿼터','2024-11-29 01:53:04',0,'사용자에게 공간을 할당하는 개념을 쿼터라고 합니다.','중간',4,'시스템 프로그래밍'),(164,1247,101,'객관식','VMware에서 SATA 장치를 몇 개까지 장착할 수 있는가?','[\"60개\",\"120개\",\"180개\",\"240개\"]','2','2024-11-29 01:53:19',0,'VMware는 SATA 슬롯 4개를 지원하므로, SATA 장치를 120개까지 장착할 수 있다.','중간',5,'시스템 프로그래밍'),(165,1247,101,'객관식','디스크 추가를 위해 필요한 단계는?','[\"디스크추가하기\",\"파티션할당하기\",\"파일시스템 생성하기\",\"모두 필요하다\"]','4','2024-11-29 01:53:19',1,'디스크 추가를 위해서는 디스크 추가, 파티션 할당, 파일시스템 생성 등의 단계가 필요하다.','중간',6,'시스템 프로그래밍'),(166,1247,101,'주관식','처음 장착된 SCSI 디스크를 뭐라고 부르나?','null','/dev/sda','2024-11-29 01:53:19',1,'처음 장착된 SCSI 디스크는 /dev/sda라고 부른다.','중간',7,'시스템 프로그래밍'),(167,1247,101,'주관식','리눅스에서 공간 할당 개념은 무엇을 의미하는가?','null','사용자별로 할당된 공간만 사용하도록 용량을 제한하는 것','2024-11-29 01:53:19',0,'리눅스에서 공간 할당 개념은 사용자별로 할당된 공간만 사용하도록 용량을 제한하여 시스템의 치명적인 문제가 발생하는 것을 방지하는 것을 의미한다.','중간',8,'시스템 프로그래밍'),(168,1247,101,'객관식','/dev/sda 장치를 배분하고 이 배분은 /dev/sda1,/dev/sda2, /dev/sda3, /dev/sda4라고 불렀다. 여기서 /dev/sda1 또는 /dev/sda2와 같이 번호 붙은 것들은 무언지?','[\"/dev/sda 장치에 부착된 디스크\",\"배분된 파일\",\"/dev/sda 장치의 파티션\",\"/dev/sda 장치의 사용자\"]','3','2024-11-29 01:53:22',0,'/dev/sda1, /dev/sda2, /dev/sda3, /dev/sda4등은 /dev/sda 장치의 파티션을 가리킨다.','중간',9,'시스템 프로그래밍'),(169,1247,101,'객관식','SCSI 3번 슬롯이 사용 가능한 디스크의 최대 수는 몇 개인가?','[\"15개\",\"30개\",\"60개\",\"120개\"]','1','2024-11-29 01:53:22',0,'SCSI 0번 슬롯은 15개의 디스크를 장착할 수 있으며, 1, 2, 3번 슬롯도 각각 사용 가능하므로 각 슬롯 당 15개의 디스크를 장착할 수 있다.','중간',10,'시스템 프로그래밍'),(170,1247,101,'주관식','\'쿼터\'는 어떤 개념인가?','null','각 사용자가 사용할 수 있는 파일의 용량을 제한하는 것','2024-11-29 01:53:22',0,'쿼터는 사용자별로 할당된 공간만 사용하도록 용량을 제한하는 개념이다. 이는 시스템 전체가 가동되지 않는 치명적인 문제를 미연에 방지하기 위해 사용된다.','중간',11,'시스템 프로그래밍'),(171,1247,101,'주관식','디렉터리에 마운트된 후 디렉터리 리스팅을 확인해보니 기존에 있던 파일들이 보이지 않고, 새롭게 추가된 파일만 보이는 이유는 무엇인가?','null','해당 디렉터리가 새로운 장치에 마운트되어 기존의 파일들이 잠시 숨겨진 상태이기 때문','2024-11-29 01:53:22',0,'디렉터리는 장치에 마운트되면 그 장치의 파일 시스템이 해당 디렉터리에 연결됩니다. 이때 디렉터리에 기존에 있었던 파일들은 잠시 보이지 않게 된다. 새로운 장치의 마운팅이 해제되면 기존의 파일들은 다시 보이게 된다.','중간',12,'시스템 프로그래밍'),(172,1235,103,'객관식','도메인 정의의 방법 중 한가지가 아닌 것은 무엇인가?','[\"각 엔티티에서 속성들을 모아 리스트를 만든다\",\"속성이름이 여러 단어를 포함할 경우 분리한다\",\"마지막 단어를 기준으로 정렬한다\",\"영어 단어를 붙이고, 용어의 의미를 설명한다\"]','4','2024-11-29 03:13:31',0,'데이터 타입, 길이를 정하는 것이 도메인 정의의 방법인데, 영어 단어를 붙이고, 용어의 의미를 설명하는 것은 \'용어사전\'의 정의 방법이다.','중간',1,'123'),(173,1235,103,'주관식','도메인이란 무엇인가?','null','엔티티의 속성들이 갖을 수 있는 값들의 집합','2024-11-29 03:13:31',0,'도메인은 엔티티의 속성들이 갖을 수 있는 값들의 집합이며, 데이터베이스에서는 속성에 대응하는 컬럼에 대한 데이터 타입과 길이를 의미한다.','중간',2,'123'),(174,1246,104,'객관식','데이터베이스를 구축하는 2가지 방법은 무엇인가?','[\"엔티티정의, 업무분석\",\"시스템구축, DB설계\",\"도메인/용어사전 정의, ERD 통합\",\"수작업에 의한 구축, 도구에 의한 방법\"]','4','2024-11-29 03:17:50',0,'데이터베이스를 구축하는 2가지 방법은 수작업에 의한 구축과 도구에 의한 방법이다.','중간',1,'자료1'),(175,1246,104,'객관식','역공학(reverse engineering)의 정의는 무엇인가?','[\"데이터베이스를 직접 생성하는 과정\",\"이미 구축된 데이터베이스로부터 정보를 읽어 ERD를 그려주는 과정\",\"데이터베이스를 분석하는 과정\",\"데이터베이스를 설계하는 과정\"]','2','2024-11-29 03:17:50',0,'역공학은 이미 구축된 데이터베이스로부터 정보를 읽어 우리가 알고 있는 ERD를 그리는 과정을 의미한다.','중간',2,'자료1'),(176,1246,104,'주관식','역할(role)이란 무엇인가?','null','현실 세계에서의 직책이나 직위를 나타내는 개념','2024-11-29 03:17:50',0,'DBMS에서 기능적으로 동일한 역할을 가지는 직무를 위해 사용한 권한을 묶어 처리하는 개념으로, 사용자에 따라 정보 접근을 제한하는 보안 설계를 용이하게 한다.','중간',3,'자료1'),(177,1246,104,'주관식','데이터베이스를 수작업에 의해 구축하는 과정을 설명하시오.','null','DBMS에서 제공하는 SQL 입력 화면을 통해 직접 SQL 문을 작성하여 테이블, 뷰, 인덱스 등을 생성하는 것','2024-11-29 03:17:50',0,'수작업에 의한 데이터베이스 구축은 직접 SQL 문을 입력하여 DBMS에서 지원하는 데이터 구조를 생성하는 방식이다.','중간',4,'자료1'),(178,1246,104,'객관식','데이터베이스를 구축하는 2가지 방법은 무엇인가?','[\"시스템 구축 & DB 설계, 물리적 DB 설계\",\"도메인/용어사전 정의, ERD 통합\",\"수작업에의한구축, 도구에의한 방법\",\"엔티티검증, 관계검증\"]','3','2024-11-29 03:18:24',0,'데이터베이스를 구축하는 2가지 방법은 수작업에 의한 구축과 도구에 의한 방법이다. 수작업에의한구축은 DBMS에서 제공하는 SQL 입력 화면을 통해 직접 SQL문을 구사하여 테이블, 뷰, 인덱스 등을 생성하는 방식이고, 도구에의한 방법은 모델링 도구의 기능을 이용하여 직접 DBMS에 접속하여 테이블, 뷰, 인덱스 등을 생성하도록 하는 방법을 말한다.','중간',5,'자료1'),(179,1246,104,'객관식','데이터베이스에 걸려있는 보안이란 무엇을 말하는가?','[\"사용자에 따라 정보에 대한 접근을 제한하는 것\",\"데이터베이스를 외부의 공격으로부터 보호하는 것\",\"데이터베이스 내의 정보를 암호화하는 것\",\"데이터베이스의 효율적인 운영을 위한 각종 관리 활동\"]','1','2024-11-29 03:18:24',0,'데이터베이스의 보안은 사용자에 따라 정보에 대한 접근을 제한하는 것을 의미한다. 이는 데이터베이스에는 조직 전체의 정보가 통합적으로 관리되기 때문에 보안 관리가 용이한 장점이 있지만, 동시에 권한이 있는 한 명의 사용자가 저장된 모든 정보를 검색할 수 있는 문제가 있기 때문에 필요하다.','중간',6,'자료1'),(180,1246,104,'주관식','역공학이란 무엇인가요?','null','이미 구축된 데이터베이스로부터 정보를 읽어 우리가 알고 있는 ERD를 그려주는 과정','2024-11-29 03:18:24',0,'역공학은 이미 구축된 데이터베이스로부터 정보를 읽어 우리가 알고 있는 ERD를 그려주는 과정을 말한다. 설계에서 DB 구축의 순서를 반대로 동작하여 이미 구축된 데이터베이스로부터 설계 정보를 얻어내는 과정이다.','중간',7,'자료1'),(181,1246,104,'주관식','역할이란 무엇인가요?','null','현실 세계에서의 직책이나 직위를 나타내며, 권한 관리를 쉽게하기 위해 사용된다.','2024-11-29 03:18:24',0,'역할은 데이터베이스 보안에서 중요한 개념으로, 현실 세계의 직책이나 직위를 나타내는 단어이다. \'과장\', \'대리\', \'프로그래머\', \'현장 작업자\' 같은 역할을 생성하고, 이 역할에 권한을 부여할 수 있다. 각 사용자에게 직접 권한을 부여하는 것이 아니라 역할을 부여함으로써 권한 관리를 쉽게 할 수 있다.','중간',8,'자료1'),(182,1246,93,'객관식','소켓 인터페이스 함수의 호출 순서에 대한 설명으로 올바르지 않은 것은 무엇인가요?','[\"서버 측에서는 먼저 소켓을 생성한 후 bind() 함수를 사용해 특정 포트와 연결한다.\",\"서버에서의 준비를 마친 사실은 listen() 함수를 통해 운영체제에 알린다.\",\"클라이언트는 socket() 함수로 소켓을 만든 후 connect() 함수로 서버와의 연결을 요청하고, 이후로는 send()와 recv() 함수로 데이터를 주고받는다.\",\"서버와 클라이언트 모두는 데이터 수신을 위해 recv() 함수를 사용하고, 이후로는 send() 함수로 데이터를 전송한다.\"]','4','2024-11-29 03:22:14',0,'클라이언트와 서버 모두 send()와 recv() 함수를 이용해 데이터를 주고받는다. 하지만 서버와 클라이언트 모두가 데이터 수신에 recv() 함수를 사용한 뒤 send() 함수로 데이터를 전송하는 것은 옳지 않은 설명이다.','중간',5,'시스템프로그래밍 자료 B'),(183,1246,93,'주관식','소켓 인터페이스 함수 중에서, 클라이언트에서 데이터를 서버로 전송하기 위해 사용하는 함수는 무엇인가요?','null','sendto','2024-11-29 03:22:14',0,'sendto() 함수는 클라이언트에서 서버로 데이터를 전송하기 위해 사용하는 소켓 인터페이스 함수이다.','중간',6,'시스템프로그래밍 자료 B'),(184,1246,94,'객관식','데이터베이스 구축의 방식 중 하나인 \'역공학\'에 대한 설명으로 가장 올바른 것은?','[\"DBMS에서 제공하는 SQL 입력 화면을 통해 직접 SQL 문을 구사하여 테이블, 뷰, 인덱스 등을 생성하는 방법\",\"모델링 도구의 기능을 이용하여 DBMS에 접속하여 테이블, 뷰, 인덱스 등을 생성하는 방법\",\"이미 구축되어 있는 데이터베이스로부터 정보를 읽어 ERD를 그려주는 과정\",\"사용자, 역할을 생성하고 사용자에게 권한 또는 역할을 할당하는 과정\"]','3','2024-11-29 03:52:12',0,'역공학은 이미 구축되어 있는 데이터베이스로부터 정보를 읽어 ERD를 그려주는 과정을 의미한다.','중간',5,'데이터베이스설계 자료 A'),(185,1246,94,'주관식','데이터베이스에서 \'역할(role)\'이 하는 기능은 무엇인가?','null','현실세계에서의 직책 및 직위를 나타내고, 여러 사용자에게 권한을 일괄적으로 부여하게 만드는 기능','2024-11-29 03:52:12',0,'역할은 권한 관리를 쉽게 하기 위해 사용되며, 여러 사용자에게 동일한 권한을 부여하거나 변경할 때 효율적이다.','중간',6,'데이터베이스설계 자료 A'),(186,1246,105,'객관식','도메인의 정의 중 관계형 이론에서의 도메인이 실제 구현이 어려워 대부분의 DBMS에서 도메인이 어떤 것을 의미하는가?','[\"속성에 대응하는 컬럼에 대한 데이터 타입(data type)과 길이\",\"속성에 대응하는 컬럼에 대한 데이터 타입(data type)만\",\"속성에 대응하는 컬럼의 길이만\",\"엔티티의 속성들이 갖을 수 있는 값들의 집합\"]','1','2024-11-29 04:07:14',0,'관계형 이론에서 도메인이 실제로는 구현이 어렵기 때문에 대부분의 DBMS에서 도메인이라 함은 속성에 대응하는 컬럼에 대한 데이터 타입(data type)과 길이를 의미합니다.','어려움',1,'자료1'),(187,1246,105,'주관식','도메인을 정의하는 방법 중 중복 제거 후 데이터 타입, 길이를 결정하는 단계는 어떤 단계인가?','null','(5) 도메인만 모아 정리','2024-11-29 04:07:14',1,'도메인의 정의 방법 중, (5) 도메인만 모아 정리는 중복을 제거한 후 데이터 타입과 길이를 결정하는 과정을 의미합니다.','어려움',2,'자료1'),(188,1246,93,'객관식','서버 측에서는 어떤 순서로 소켓 인터페이스 함수를 호출하나요?','[\"socket() -> bind() -> connect() -> accept() -> send() -> recv() -> close()\",\"socket() -> bind() -> listen() -> accept() -> send() -> recv() -> close()\",\"socket() -> listen() -> bind() -> accept() -> send() -> recv() -> close()\",\"socket() -> bind() -> listen() -> accept() -> recv() -> send() -> close()\"]','2','2024-11-29 04:37:03',0,'서버 측에서는 소켓을 생성하는 socket() -> 특정 포트와 연결하는 bind() -> 클라이언트의 연결을 기다리는 listen() -> 클라이언트의 요청을 받는 accept() -> 데이터를 전송하는 send() -> 데이터를 수신하는 recv() -> 연결 종료를 알리는 close() 순으로 호출합니다.','중간',7,'시스템프로그래밍 자료 B'),(189,1246,93,'주관식','본문에서 설명한 \'sendto()\' 함수는 어떤 기능을 하는 함수인가요?','null','IP 주소가 지정된 서버로 데이터를 전송하는 함수','2024-11-29 04:37:03',0,'\'sendto()\' 함수는 \'struct sockaddr_in\' 형태의 주소로 데이터 패킷을 전송하는 함수로 본문에서 예제를 통해 그 사용법이 설명되어 있습니다.','중간',8,'시스템프로그래밍 자료 B'),(190,1246,92,'객관식','getservbyport() 함수의 두 번째 인자인 proto에는 무엇을 지정할 수 있나요?','[\"“tcp” 나 “udp” 또는NULL\",\"AF_UNIX, AF_INET\",\"SOCK_STREAM, SOCK_DGRAM\",\"32비트 주소, 16비트 주소\"]','1','2024-11-29 04:44:25',0,'getservbyport() 함수의 두번째 인자인 proto에는 “tcp”나 “udp” 또는NULL을 지정할 수 있습니다.','어려움',5,'시스템프로그래밍 자료 A'),(191,1246,92,'객관식','다음 중 바이트 순서 함수에 대한 설명으로 올바른 것은 무엇일까요?','[\"소켓 프로그래밍에서 바이트의 순서는 중요하지 않다\",\"바이트 순서를 변환해주는 함수를 사용하지 않아도 된다\",\"바이트 순서 변환 함수의 예로는 htonl(), htons(), ntohl(), ntohs() 등이 있다\",\"모든 시스템에서 바이트를 저장하는 순서는 동일하다.\"]','3','2024-11-29 04:44:25',0,'바이트 순서는 소켓 프로그래밍에서 중요한 개념이며, 이를 변환해주는 함수로는 htonl(), htons(), ntohl(), ntohs() 등이 있다.','어려움',6,'시스템프로그래밍 자료 A'),(192,1246,92,'객관식','AF_INET –SOCK_STREAM의 소켓 의미는 무엇인가요?','[\"유닉스 도메인 소켓을 이용한 TCP 통신\",\"인터넷 소켓을 이용한 TCP 통신\",\"유닉스 도메인 소켓을 이용한 UDP 통신\",\"인터넷 소켓을 이용한 UDP 통신\"]','2','2024-11-29 04:44:25',0,'AF_INET은 인터넷 소켓을 의미하고, SOCK_STREAM은 TCP 통신을 의미합니다. 따라서 AF_INET –SOCK_STREAM은 인터넷 소켓을 이용한 TCP 통신을 의미합니다.','어려움',7,'시스템프로그래밍 자료 A'),(193,1246,92,'주관식','TCP/IP에서 무엇을 사용하기로 결정하였나요?','null','빅 엔디언','2024-11-29 04:44:25',0,'TCP/IP에서는 데이터 전송 시 빅 엔디언을 사용하기로 결정하였습니다.','어려움',8,'시스템프로그래밍 자료 A'),(194,1246,92,'주관식','네트워크에서 데이터를 보내는 컴퓨터와 받는 컴퓨터의 정수 저장 방식이 다르면 어떤 문제가 발생하나요?','null','같은 값을 서로 다르게 해석','2024-11-29 04:44:25',0,'네트워크에서 데이터를 보내는 컴퓨터와 받는 컴퓨터의 정수 저장 방식이 다르면 같은 값을 서로 다르게 해석하는 문제가 발생합니다.','어려움',9,'시스템프로그래밍 자료 A'),(195,1246,92,'주관식','바이트 순서 함수 중 HBO에서 NBO로 데이터 순서를 바꾸는 함수는 무엇인가요?','null','htonl(), htons()','2024-11-29 04:44:25',0,'바이트 순서를 HBO에서 NBO로 변환하는 함수로는 htonl(), htons() 등이 있습니다.','어려움',10,'시스템프로그래밍 자료 A'),(196,1246,92,'객관식','getservbyport() 함수에서 두 번째 인자 proto에 사용할 수 있는 값은 무엇인가요?','[\"“tcp” 또는 “udp” 또는 NULL\",\"“tcp” 또는 “udp” 또는 “http”\",\"“tcp” 또는 “udp” 또는 “ftp”\",\"“tcp” 또는 “smtp” 또는 “pop3”\"]','1','2024-11-29 04:44:41',0,'getservbyport() 함수에서 두 번째 인자인 proto에는 “tcp”나 “udp” 또는 NULL을 지정할 수 있습니다.','어려움',11,'시스템프로그래밍 자료 A'),(197,1246,92,'객관식','바이트 순서를 변환하는 함수중 바이트 순서를 32비트 HBO로 변환하는 함수는 무엇인가요?','[\"htons() 함수\",\"ntohs() 함수\",\"htonl() 함수\",\"ntohl() 함수\"]','4','2024-11-29 04:44:41',0,'ntohl() 함수는 32비트 NBO를 32비트 HBO로 변환합니다.','어려움',12,'시스템프로그래밍 자료 A'),(198,1246,92,'객관식','인텔 계열 CPU에서 사용하는 바이트 저장 방식은 무엇인가요?','[\"빅 엔디언 방식\",\"리틀 엔디언 방식\",\"두 방식 모두 사용\",\"어떤 방식도 사용하지 않음\"]','2','2024-11-29 04:44:41',0,'인텔 계열 CPU에서는 리틀 엔디언 방식을 사용하여 바이트를 저장합니다.','어려움',13,'시스템프로그래밍 자료 A'),(199,1246,92,'주관식','소켓에서 이용할 하부 프로토콜로 TCP를 사용할 때 사용하는 정의된 상수는 무엇인가요?','null','SOCK_STREAM','2024-11-29 04:44:41',0,'소켓에서 이용할 하부 프로토콜로 TCP를 사용할 때 정의된 상수로는 SOCK_STREAM을 사용합니다.','어려움',14,'시스템프로그래밍 자료 A'),(200,1246,92,'주관식','네트워크의 바이트 순서와 호스트의 바이트 순서중, 데이터를 전송할 때 무조건 사용되는 방식는 무엇인가요?','null','네트워크의 바이트 순서','2024-11-29 04:44:41',0,'TCP/IP에서 데이터를 전송할 때 네트워크의 바이트 순서를 무조건 사용합니다.','어려움',15,'시스템프로그래밍 자료 A'),(202,1246,92,'객관식','본문에서 이야기하는 getservbyport() 함수의 두번째 인자 proto에 NULL을 지정했을 때 어떤 결과가 발생하나요?','[\"오류가 발생해 프로그램이 중지된다.\",\"tcp를 지정한 것으로 간주한다.\",\"udp를 지정한 것으로 간주한다.\",\"특정 항목을 검색하지 않는다.\"]','4','2024-11-29 05:10:11',0,'본문 내용에 따르면 getservbyport() 함수의 두번째 인자인 proto에 \'tcp\', \'udp\' 또는 NULL을 지정할 수 있다고 되어 있습니다. 여기서 NULL을 지정하면 특정 항목을 검색하지 않는 것으로 이해할 수 있습니다.','중',17,'시스템프로그래밍 자료 A'),(203,1246,92,'주관식','본문에서 이야기하는 만약 호스트의 바이트 저장 순서와 네트워크 바이트의 저장 순서가 다를 경우 어떻게 대처해야 하나요?','null','시스템에서 통신을 통해 데이터를 내보낼 때는 호스트 바이트 순서에서 네트워크 바이트 순서로 데이터 순서를 바꿔서 전송하고, 데이터를 받으면 네트워크 바이트 순서에서 호스트 바이트 순서로 변환한 후 처리해야 한다.','2024-11-29 05:10:11',0,'이와 같은 처리를 함으로써, 서로 다른 바이트 순서 설정을 가진 컴퓨터 간에도 데이터를 정확하게 주고받을 수 있습니다.','중',18,'시스템프로그래밍 자료 A'),(204,1246,94,'객관식','데이터베이스를 구축하는 두 가지 방식은 무엇인가?','[\"API와 UI\",\"수작업과 역공학\",\"수작업과 도구를 이용한 방법\",\"Python과 Java\"]','3','2024-11-29 07:18:52',0,'데이터베이스를 구축하는 두 가지 방법은 수작업에 의한 방법과 도구를 이용한 방법이다.','중간',7,'데이터베이스설계 자료 A'),(205,1246,94,'객관식','역공학(reverse engineering)의 정의는 무엇인가?','[\"이미 구축된 데이터베이스로부터 정보를 읽어 우리가 알고 있는 ERD를 그려주는 과정\",\"수작업에 의한 데이터베이스 구축 방법\",\"도구를 통해 데이터베이스를 구축하는 방법\",\"데이터베이스 구조를 최적화하는 과정\"]','1','2024-11-29 07:18:52',0,'역공학은 이미 구축된 데이터베이스로부터 정보를 불러와 우리가 알고 있는 ERD를 그려주는 과정을 의미한다','중간',8,'데이터베이스설계 자료 A'),(206,1246,94,'주관식','SQL에서 사용자 계정을 생성하는 명령어는 무엇인가?','null','CREATE USER','2024-11-29 07:18:52',0,'SQL에서 사용자 계정을 생성하는 명령어는 CREATE USER이다.','중간',9,'데이터베이스설계 자료 A'),(207,1246,94,'주관식','데이터베이스 구축에서 권한 관리의 유용성을 설명하시오.','null','데이터베이스에서는 조직 전체의 정보가 통합적으로 관리되기에, 각 사용자에 따라 정보의 접근을 제한하여 정보 보안을 유지할 수 있다.','2024-11-29 07:18:52',1,'데이터베이스에는 조직 전체의 정보가 통합적으로 관리되어서 보안이 유리하다. 그러나 이것은 데이터의 통합 저장이라는 특징 때문에 권한이 있는 한 명의 사용자가 저장된 모든 정보를 검색할 수 있다는 문제가 있기 때문에, 권한 관리가 필요하다.','중간',10,'데이터베이스설계 자료 A'),(208,1246,97,'객관식','미니블로그 프로젝트에 필요한 주요 컴포넌트로 올바르지 않은 것은 무엇인가요?','[\"글 목록 보기 기능\",\"글 보기 기능\",\"댓글 보기 기능\",\"사용자 등록 기능\"]','4','2024-12-04 04:04:30',0,'해당 텍스트에서는 미니블로그 프로젝트에 필요한 주요 컴포넌트로서 글 목록 보기 기능, 글 보기 기능, 댓글 보기 기능을 언급하고 있었습니다. 사용자 등록 기능에 대해서는 언급하지 않았습니다.','어려움',5,'웹프레임워크1 자료 B'),(209,1246,97,'객관식','리액트 프로젝트를 실행하는 데 사용되는 기본 파일은 무엇인가요?','[\"App.js\",\"index.js\",\"blog.js\",\"post.js\"]','2','2024-12-04 04:04:30',0,'리액트 프로젝트를 처음 실행하는 데 사용되는 기본 파일은 index.js 입니다.','어려움',6,'웹프레임워크1 자료 B'),(210,1246,97,'주관식','SPA와 MPA 방식의 차이는 무엇인가요?','null','SPA는 페이지 이동 없이 현재 페이지에서 필요한 부분만 업데이트하여 사용자가 웹 사이트와 자연스럽게 상호작용할 수 있게 하는 방식이며, MPA는 사용자가 웹 사이트에서 페이지를 이동할 때마다 새로운 페이지를 요청하는 방식입니다.','2024-12-04 04:04:30',0,'SPA는 사용자 경험 향상 및 서버 부하 감소에 도움이 되지만 초기 구동 속도가 느리고 SEO에 약점이 있는 반면, MPA는 각 페이지에 대한 SEO가 용이하며 초기 구동 속도가 빠르지만 전체 페이지를 로드해야 하므로 서버 부하가 클 수 있습니다.','어려움',7,'웹프레임워크1 자료 B'),(211,1246,97,'주관식','현재 Mini-blog 프로젝트에서 게시글이나 댓글을 작성 후 저장이 되지 않는 이유는 무엇인가요?','null','data.json에 저장하는 코드가 없기 때문입니다.','2024-12-04 04:04:30',0,'PostWritePage.jsx와 PostViewPage.jsx에는 data.json에 데이터를 저장하는 코드가 없으므로 현재 상태에서는 게시글이나 댓글을 작성해도 그 데이터가 저장되지 않습니다.','어려움',8,'웹프레임워크1 자료 B');
/*!40000 ALTER TABLE `Questions` ENABLE KEYS */;
UNLOCK TABLES;

--
-- Table structure for table `User`
--

DROP TABLE IF EXISTS `User`;
/*!40101 SET @saved_cs_client     = @@character_set_client */;
/*!50503 SET character_set_client = utf8mb4 */;
CREATE TABLE `User` (
  `User_id` int NOT NULL AUTO_INCREMENT,
  `User_name` varchar(50) NOT NULL,
  `User_password` varchar(255) NOT NULL,
  `User_created` timestamp NULL DEFAULT CURRENT_TIMESTAMP,
  `User_progress` int DEFAULT '0',
  `User_email` varchar(255) DEFAULT NULL,
  `User_profile_image` varchar(255) DEFAULT NULL,
  PRIMARY KEY (`User_id`),
  UNIQUE KEY `User_email` (`User_email`)
) ENGINE=InnoDB AUTO_INCREMENT=1248 DEFAULT CHARSET=utf8mb4 COLLATE=utf8mb4_0900_ai_ci;
/*!40101 SET character_set_client = @saved_cs_client */;

--
-- Dumping data for table `User`
--

LOCK TABLES `User` WRITE;
/*!40000 ALTER TABLE `User` DISABLE KEYS */;
INSERT INTO `User` VALUES (1234,'jyp','5678','2024-10-29 00:00:00',0,NULL,NULL),(1235,'hyunseo','$2b$10$jS0.U/A1ksyPLNYdjtykT..tf9vlB5IEjk3vbo/pPcyeP93v63Osi','2024-11-15 04:20:52',0,'vmffotltka1@gmail.com','uploads/user_1235/1732727673346-380421516-ì¤í¬ë¦°ì· 2024-02-03 225303.png'),(1238,'hyunseo123','$2b$10$kow4oh50GLG5IibroJBSwuAKdOi24aDJEBvgGma0GQYmOyiHqIAEm','2024-11-15 04:52:23',0,'123@gmail.com',NULL),(1239,'asdfasdf','$2b$10$WLjmy8YtdB4KtOzafLgY7OlZt3IEQOCoXK7kxd6co/qZlpzwz2MCG','2024-11-15 04:54:04',0,'asdfasdf@asdfasdf.com',NULL),(1243,'1','$2b$10$ifOxIzIqqOM/lc6ZHP5kdezbO9YRGu8F6sCG0LqtzOwJMPaL2uzL.','2024-11-16 23:43:21',0,'1@1.com',NULL),(1244,'2','$2b$10$wXMRyNkflZVJ.fUP4qcZzulsssL4NLUx7xlWljW6vlprNq8zE8fEK','2024-11-19 03:26:32',0,'2@2.com','uploads/user_1244/1732808963576-01c13736-dd59-4853-9967-b9aba80ff7a7-1245469.png'),(1245,'123123','$2b$10$LozIOb8bKpCvUDTtU5mMMOeQ8S8PPb9DRrv/kaI99iaa/dyFmMVh6','2024-11-28 00:50:07',0,'123123@123123.com',NULL),(1246,'test','$2b$10$tdEmeP4fNLAQnT6eevXY9uwNXBCbYs9tlBJUIKDg6fPvst1wR0J0O','2024-11-28 15:16:14',0,'test@test.com','uploads/user_1246/1732855054975-9308edcd-a882-4def-ab41-9a91476f16a0-ì ê²½ë§.png'),(1247,'박진영','$2b$10$1GiQwP9dIhYpL/C7Bxz4deUh8aLsq71Vp53yN.LrmXc6B50L6PyrG','2024-11-29 01:37:37',0,'3@3.com','uploads/user_1247/1732846070797-5c6e204d-cd61-4baa-a933-b8ff6c582633-EduCraft_logo_without_diamond1.png');
/*!40000 ALTER TABLE `User` ENABLE KEYS */;
UNLOCK TABLES;
/*!40103 SET TIME_ZONE=@OLD_TIME_ZONE */;

/*!40101 SET SQL_MODE=@OLD_SQL_MODE */;
/*!40014 SET FOREIGN_KEY_CHECKS=@OLD_FOREIGN_KEY_CHECKS */;
/*!40014 SET UNIQUE_CHECKS=@OLD_UNIQUE_CHECKS */;
/*!40101 SET CHARACTER_SET_CLIENT=@OLD_CHARACTER_SET_CLIENT */;
/*!40101 SET CHARACTER_SET_RESULTS=@OLD_CHARACTER_SET_RESULTS */;
/*!40101 SET COLLATION_CONNECTION=@OLD_COLLATION_CONNECTION */;
/*!40111 SET SQL_NOTES=@OLD_SQL_NOTES */;

-- Dump completed on 2024-12-06  3:12:25
